fips,county,state,population,households,median_age,median_income,bachelors_pct
01001,Autauga,AL,59285,22523,39.2,69841,28.3
01003,Baldwin,AL,239945,94642,43.7,75019,32.8
01005,Barbour,AL,24757,9080,40.7,44290,11.5
01007,Bibb,AL,22152,7571,41.3,51215,11.5
01009,Blount,AL,59292,21977,40.9,61096,15.6
01015,Calhoun,AL,116141,45125,39,55826,20.5
01017,Chambers,AL,34450,13419,41.5,49295,14.6
01019,Cherokee,AL,25224,10477,47.4,50769,15.9
01021,Chilton,AL,45500,17554,39.5,61873,15.2
01025,Clarke,AL,22802,8452,42.5,49167,15.4
01031,Coffee,AL,54231,20860,38.8,64672,21.5
01033,Colbert,AL,57648,24217,42.3,56736,20.3
01039,Covington,AL,37647,14495,42.8,50886,17.2
01043,Cullman,AL,89463,34543,41.1,60916,19.1
01045,Dale,AL,49516,19769,38,53955,19.3
01047,Dallas,AL,37536,15416,40.3,36810,17
01049,DeKalb,AL,71946,25946,39.6,51149,13.9
01051,Elmore,AL,88669,32529,38.9,75553,24.4
01053,Escambia,AL,36695,12781,40.5,44447,12.5
01055,Etowah,AL,103208,39160,41.8,53070,17.5
01059,Franklin,AL,31978,11593,38.6,51493,14.9
01061,Geneva,AL,26726,10550,44,50951,13.3
01069,Houston,AL,107628,42581,40.3,57531,22.8
01071,Jackson,AL,52839,21186,43.4,49454,15.6
01073,Jefferson,AL,669744,268911,37.8,64589,35.9
01077,Lauderdale,AL,95037,38777,40.7,59082,27.1
01079,Lawrence,AL,33182,13145,42.8,60040,15.6
01081,Lee,AL,177663,67944,33.6,61123,41.3
01083,Limestone,AL,107577,40021,40.5,83534,30.4
01089,Madison,AL,397135,162469,38.2,83528,45.7
01093,Marion,AL,29190,10874,43.8,50714,12.8
01095,Marshall,AL,98712,35963,38.6,60946,21.3
01097,Mobile,AL,413162,160507,38.4,58119,25.2
01101,Montgomery,AL,227197,90785,36.9,58153,34.3
01103,Morgan,AL,123742,48752,40.3,64858,23.2
01109,Pike,AL,32953,12605,31.7,47961,27.3
01111,Randolph,AL,22310,9127,44,51551,20.5
01113,Russell,AL,58858,23784,37.2,50046,16.9
01115,St. Clair,AL,92903,34477,41,78993,19.9
01117,Shelby,AL,226955,85414,40,93543,46.2
01121,Talladega,AL,81170,32889,42.2,56249,16.8
01123,Tallapoosa,AL,41070,16548,45.4,57185,18.7
01125,Tuscaloosa,AL,234036,87289,33,63947,31.4
01127,Walker,AL,64886,24843,41.3,54509,16
01133,Winston,AL,23637,9328,45.3,48032,13.4
02020,Anchorage,AK,289069,107868,34.9,98152,37.7
02090,Fairbanks North Star,AK,95555,36176,32.4,84722,33.7
02110,Juneau,AK,31969,13138,39.8,100513,40.5
02122,Kenai Peninsula,AK,59843,23902,41.5,77722,29.4
02170,Matanuska-Susitna,AK,110677,39682,36.6,90625,24.3
04001,Apache,AZ,65680,20439,36.2,40338,15.3
04003,Cochise,AZ,125458,50476,42.9,58970,27.7
04005,Coconino,AZ,144643,53642,32.4,69748,39.6
04007,Gila,AZ,53610,23253,51.4,59089,18.8
04009,Graham,AZ,38860,12460,34.4,67326,14.6
04013,Maricopa,AZ,4491987,1697342,37.5,85518,35.9
04015,Mohave,AZ,217420,96899,53.2,55799,14.9
04017,Navajo,AZ,107744,39171,39.4,52752,17.6
04019,Pima,AZ,1049947,430965,39.7,67929,35.9
04021,Pinal,AZ,449219,157193,40.3,77588,22.2
04023,Santa Cruz,AZ,48209,16816,37.9,53614,24.1
04025,Yavapai,AZ,241656,108900,55,66106,29.6
04027,Yuma,AZ,207685,76903,35.8,60417,16.7
05005,Baxter,AR,42150,19289,51.9,48427,18.7
05007,Benton,AR,294541,107667,35.8,89879,36.6
05009,Boone,AR,37896,15232,41.3,54195,16.3
05015,Carroll,AR,28526,11106,44.7,55187,21.1
05019,Clark,AR,21378,8147,31.9,50985,25.5
05023,Cleburne,AR,25048,10458,49.5,55979,18.3
05027,Columbia,AR,22527,8361,34.5,47363,20.4
05029,Conway,AR,20872,8303,42.6,51212,18.2
05031,Craighead,AR,112097,43357,34.5,57615,27.8
05033,Crawford,AR,60792,22994,39.1,60362,19.3
05035,Crittenden,AR,47609,18338,36,54271,17.2
05045,Faulkner,AR,126001,48866,34,65071,33.2
05051,Garland,AR,100062,43762,45.3,55409,26.2
05055,Greene,AR,46182,17926,37.8,56793,16.5
05059,Hot Spring,AR,33142,12101,43,52644,15.8
05063,Independence,AR,38120,14515,39,56009,16.9
05069,Jefferson,AR,65780,24334,39.5,48552,20.6
05071,Johnson,AR,25932,10047,39.4,44808,18.1
05083,Logan,AR,21240,8484,43.8,54237,15.5
05085,Lonoke,AR,74747,27817,37.3,71449,21
05091,Miller,AR,42588,16311,39,49983,16
05093,Mississippi,AR,39749,15381,36.9,53428,14.2
05103,Ouachita,AR,22317,8590,44,49838,15.1
05111,Poinsett,AR,22740,9031,39.8,47188,11.9
05115,Pope,AR,63830,24073,36.7,54606,24.6
05119,Pulaski,AR,398949,169453,37.5,60385,37.4
05123,St. Francis,AR,22740,7881,39.7,41784,12.9
05125,Saline,AR,125724,49589,40.4,76534,28.5
05131,Sebastian,AR,128448,51951,38,56450,24.4
05139,Union,AR,38368,15125,41.5,50221,18.9
05143,Washington,AR,251863,95467,32.5,66426,34.6
05145,White,AR,77395,28945,38.4,53435,19.8
05149,Yell,AR,20195,8053,39.9,58870,14.3
06001,Alameda,CA,1651949,593117,38.7,126240,51.5
06005,Amador,CA,41029,16066,49.9,81526,22.4
06007,Butte,CA,209470,82345,36.3,68574,31.7
06009,Calaveras,CA,45995,17897,52,79877,22.2
06011,Colusa,CA,21895,7466,35.7,75149,14.5
06013,Contra Costa,CA,1161458,411662,40.3,125727,44.9
06015,Del Norte,CA,27293,9621,40.8,66780,21
06017,El Dorado,CA,192299,75719,46.1,106190,38.8
06019,Fresno,CA,1012152,322163,33.2,71434,23.9
06021,Glenn,CA,28623,9763,35.9,70487,16.5
06023,Humboldt,CA,135418,54878,39.6,61135,32.1
06025,Imperial,CA,179319,48844,33,56393,16.1
06029,Kern,CA,910433,281416,32.4,67660,18.6
06031,Kings,CA,152830,43736,32.3,68750,13.9
06033,Lake,CA,68139,26364,44.2,58738,17.7
06035,Lassen,CA,31177,9060,37.8,64395,13.2
06037,Los Angeles,CA,9848406,3390254,37.9,87760,35.5
06039,Madera,CA,158790,44513,34.6,75496,17.1
06041,Marin,CA,258765,103201,47.3,142785,60.5
06045,Mendocino,CA,90709,34570,43.9,64688,24.9
06047,Merced,CA,285597,84605,31.8,65044,14.8
06053,Monterey,CA,435834,132046,35.3,94486,27.9
06055,Napa,CA,136070,49663,42.8,108970,38.5
06057,Nevada,CA,102452,41873,50.3,84905,39.5
06059,Orange,CA,3164063,1074654,39.1,113702,43.4
06061,Placer,CA,412435,155422,42.4,114678,42.9
06065,Riverside,CA,2449909,762234,36.7,89672,25.1
06067,Sacramento,CA,1584047,568223,37.2,88724,33.3
06069,San Benito,CA,66056,20188,35.9,108289,22.4
06071,San Bernardino,CA,2187816,668004,34.4,82184,22.9
06073,San Diego,CA,3282782,1159822,37.1,102285,42.1
06075,San Francisco,CA,836321,362650,39.7,141446,60.1
06077,San Joaquin,CA,787416,241373,35.2,88531,21.6
06079,San Luis Obispo,CA,281486,108897,40.2,93398,39.2
06081,San Mateo,CA,745100,264424,40.6,156000,53.1
06083,Santa Barbara,CA,443975,148960,34.5,95977,35.9
06085,Santa Clara,CA,1903297,654467,37.9,159674,55.9
06087,Santa Cruz,CA,266021,96873,39.6,109266,43.6
06089,Shasta,CA,181554,71473,41.7,71931,23.3
06093,Siskiyou,CA,43834,18907,47.4,55499,23.1
06095,Solano,CA,450824,155800,39.1,99994,28.4
06097,Sonoma,CA,485642,190498,42.7,102840,37.8
06099,Stanislaus,CA,552250,176457,34.8,79661,19.1
06101,Sutter,CA,98971,33240,36.4,75450,20.2
06103,Tehama,CA,65520,24526,40.1,61834,18.8
06107,Tulare,CA,475774,142026,31.9,69489,15.8
06109,Tuolumne,CA,54873,22809,48.8,72259,23.9
06111,Ventura,CA,838259,278045,39.4,107327,35.7
06113,Yolo,CA,217782,76640,32.3,88818,44.1
06115,Yuba,CA,83079,28063,33.9,73313,17.9
08001,Adams,CO,524408,184964,34.6,91387,28
08005,Arapahoe,CO,655709,253890,37.3,97215,45.7
08013,Boulder,CO,328317,135230,37.5,102772,63.9
08014,Broomfield,CO,75110,30921,38.8,121025,58.6
08029,Delta,CO,31353,12648,48.4,58330,25.7
08031,Denver,CO,713734,329578,35.2,91681,55.6
08035,Douglas,CO,368283,136130,39.5,145737,60.9
08037,Eagle,CO,55374,20911,39.3,103174,50.3
08039,Elbert,CO,27152,9657,44.8,129477,35.2
08041,El Paso,CO,736008,283174,35,87470,41.1
08043,Fremont,CO,49394,17695,44.9,61027,21
08045,Garfield,CO,62034,23071,37.2,86172,33.4
08059,Jefferson,CO,579715,240031,40.4,107800,50.7
08067,La Plata,CO,56088,23200,42.3,85296,47.3
08069,Larimer,CO,363561,151571,36.6,91364,51.7
08075,Logan,CO,21067,8148,39.1,55074,18.9
08077,Mesa,CO,157316,64559,40.8,71485,30.6
08083,Montezuma,CO,26204,10915,44.5,63005,30.8
08085,Montrose,CO,43272,17529,45.7,66072,28.3
08087,Morgan,CO,29186,11033,36.9,75407,17.6
08101,Pueblo,CO,168726,67816,40.4,62250,25
08107,Routt,CO,24990,10619,42.6,104803,52.1
08117,Summit,CO,30857,12347,39.2,106255,52.5
08119,Teller,CO,24774,11253,52,80666,37.8
08123,Weld,CO,340711,120019,35.2,93287,32
09110,Capitol Planning Region,CT,969029,389086,40.2,91541,41.5
09120,Greater Bridgeport Planning Region,CT,326296,118335,40,87135,41.7
09130,Lower Connecticut River Valley Planning Region,CT,174983,73624,45.8,101117,45.5
09140,Naugatuck Valley Planning Region,CT,452303,178340,41.9,86365,33.8
09150,Northeastern Connecticut Planning Region,CT,95829,39155,43.9,87564,26.2
09160,Northwest Hills Planning Region,CT,112848,47035,47.1,91035,39.4
09170,South Central Connecticut Planning Region,CT,566803,227739,40.2,86266,41.1
09180,Southeastern Connecticut Planning Region,CT,279025,114577,41,84185,34.6
09190,Western Connecticut Planning Region,CT,621232,232279,41.5,124553,55
10001,Kent,DE,185043,70053,38.5,72872,26.7
10003,New Castle,DE,573030,222943,39.2,89901,39.2
10005,Sussex,DE,247799,103213,51.4,78162,32.6
11001,District of Columbia,DC,672079,321556,34.9,106287,63.6
12001,Alachua,FL,281751,112776,32.2,59659,47.7
12003,Baker,FL,28186,9012,38.1,70833,15.3
12005,Bay,FL,181368,76118,41.4,70188,28
12007,Bradford,FL,27888,9104,40.5,59740,15
12009,Brevard,FL,620533,251889,46.8,75817,33.5
12011,Broward,FL,1946127,749372,41.3,74534,35.8
12015,Charlotte,FL,195083,87376,60,66154,25.3
12017,Citrus,FL,158693,69701,56.9,55355,20.4
12019,Clay,FL,223436,81757,40.2,86094,28.7
12021,Collier,FL,387681,160867,53.1,86173,39.5
12023,Columbia,FL,70755,26720,40.7,55070,16.3
12027,DeSoto,FL,34719,12656,42.8,50868,11
12031,Duval,FL,1007189,405139,36.7,68447,33.1
12033,Escambia,FL,323275,128292,38.1,65715,28.9
12035,Flagler,FL,121710,50296,52.6,72923,30.4
12039,Gadsden,FL,43642,16485,42,46047,20.1
12049,Hardee,FL,25508,8148,35.9,54231,12.3
12051,Hendry,FL,40798,13944,35.7,53044,10.7
12053,Hernando,FL,201512,80544,48.1,63193,20.4
12055,Highlands,FL,103808,45943,54.2,55581,19.7
12057,Hillsborough,FL,1489634,569998,37.8,75011,37.2
12061,Indian River,FL,163856,68696,55,71049,33.4
12063,Jackson,FL,47652,17038,42.9,47327,14.6
12069,Lake,FL,398696,159474,46.7,69956,26.8
12071,Lee,FL,792692,319588,49.3,73099,30.8
12073,Leon,FL,295335,120673,31.9,65074,48.6
12075,Levy,FL,44276,17976,47.1,53805,16.2
12081,Manatee,FL,416020,168504,49.4,75792,34.3
12083,Marion,FL,387697,159796,48.2,58535,22.4
12085,Martin,FL,160464,67820,53.2,80701,36.6
12086,Miami-Dade,FL,2685296,964805,40.8,68694,33.2
12087,Monroe,FL,81840,34630,48.9,82430,37.8
12089,Nassau,FL,94653,38112,46.3,88900,34.5
12091,Okaloosa,FL,214281,84123,37.3,79097,34.2
12093,Okeechobee,FL,40249,15187,40.7,52288,16.1
12095,Orange,FL,1440471,508907,36.4,77011,38.4
12097,Osceola,FL,406943,131365,37,68711,28.3
12099,Palm Beach,FL,1507453,597053,45.4,81115,39.6
12101,Pasco,FL,588758,229860,43.7,67384,28
12103,Pinellas,FL,960565,423242,48.9,70293,35.8
12105,Polk,FL,760961,276643,39.6,63644,22.6
12107,Putnam,FL,74235,30650,45,47256,14.1
12109,St. Johns,FL,292243,108827,44,106169,48.6
12111,St. Lucie,FL,346237,131640,45.3,69027,25.4
12113,Santa Rosa,FL,193719,71250,40,88968,31
12115,Sarasota,FL,449011,205503,57.3,80633,39.7
12117,Seminole,FL,474912,185396,39.8,83030,42.4
12119,Sumter,FL,137536,66941,68.4,73297,35.1
12121,Suwannee,FL,44484,15567,42.5,55479,16.4
12123,Taylor,FL,21422,7571,43.8,44985,15.1
12127,Volusia,FL,568229,237396,46.6,66581,27.2
12129,Wakulla,FL,34608,12187,42.5,74183,21.3
12131,Walton,FL,79846,32659,43.8,79281,34.2
12133,Washington,FL,25259,9282,41.6,52723,12.5
13009,Baldwin,GA,43669,16075,36.4,55413,24.1
13013,Barrow,GA,86982,29770,36.4,77477,21
13015,Bartow,GA,111153,39664,38,79431,22.9
13021,Bibb,GA,156543,59681,36.6,50747,26
13029,Bryan,GA,46681,15821,34.7,94234,34.6
13031,Bulloch,GA,81372,30276,30.2,56832,30.8
13033,Burke,GA,24427,9097,38.4,50739,14.3
13035,Butts,GA,26074,8751,38.5,59221,13.9
13039,Camden,GA,56036,21024,34.6,72399,22.4
13045,Carroll,GA,122187,43598,35.3,72327,22.4
13047,Catoosa,GA,68356,26139,40.8,72425,24.5
13051,Chatham,GA,298143,119241,37.1,69575,36.8
13055,Chattooga,GA,24975,9142,41.1,47785,10.7
13057,Cherokee,GA,274539,99132,40,105442,39.5
13059,Clarke,GA,129267,54161,29.4,52267,48.7
13063,Clayton,GA,298771,105626,33.3,58507,21.3
13067,Cobb,GA,769152,293410,37.4,98712,50.4
13069,Coffee,GA,43161,15318,36.6,50175,13.5
13071,Colquitt,GA,45907,16807,37.2,49691,15.7
13073,Columbia,GA,159638,52083,37.5,96122,37.8
13077,Coweta,GA,150071,55290,39,94142,34.7
13085,Dawson,GA,28704,10844,43.9,88986,35.8
13087,Decatur,GA,29118,10474,38.7,50485,14.6
13089,DeKalb,GA,762105,284681,36.3,77683,46.7
13095,Dougherty,GA,83915,34280,36.6,46784,23.2
13097,Douglas,GA,146141,51339,36.8,80764,30.8
13103,Effingham,GA,67265,23555,36.6,85465,26.8
13107,Emanuel,GA,22961,8267,38.6,50053,12.8
13111,Fannin,GA,25605,11361,54,58073,22.6
13113,Fayette,GA,120689,43669,43.3,108986,48.1
13115,Floyd,GA,98985,36688,37.8,62540,24.9
13117,Forsyth,GA,260062,86688,39.4,138000,56.6
13119,Franklin,GA,23840,8774,40.2,52264,16.9
13121,Fulton,GA,1068507,457791,36.2,91490,58
13123,Gilmer,GA,31976,12612,50,72542,22.7
13127,Glynn,GA,84987,34625,43.3,68546,30.4
13129,Gordon,GA,58336,20841,38.8,61997,17.7
13131,Grady,GA,26056,10073,39.4,54312,15.3
13135,Gwinnett,GA,966972,322852,35.9,84823,38.7
13137,Habersham,GA,46948,16048,39.6,65622,24.2
13139,Hall,GA,208395,71263,38.2,77430,26.7
13143,Haralson,GA,30720,11510,38.8,65016,17.4
13145,Harris,GA,35509,12637,43.3,89184,34.7
13147,Hart,GA,26484,10543,44.7,57241,18.1
13151,Henry,GA,245417,84498,37,81612,28
13153,Houston,GA,166902,62158,36.2,80743,32.3
13157,Jackson,GA,80640,26976,38.1,85012,27.3
13169,Jones,GA,28526,10771,41.4,68259,18.4
13175,Laurens,GA,49619,18133,39.9,49705,17.8
13177,Lee,GA,33337,11960,37.2,88024,33.5
13179,Liberty,GA,66826,23406,28.7,59013,19.9
13185,Lowndes,GA,119055,44928,31.3,55887,27.1
13187,Lumpkin,GA,33931,11374,36.9,72388,31.5
13189,McDuffie,GA,21687,8298,39.1,54058,17.8
13195,Madison,GA,30914,10895,39.8,58784,20.2
13199,Meriwether,GA,20757,8170,43.6,56458,13
13205,Mitchell,GA,21441,7995,39.9,51908,12.9
13207,Monroe,GA,28919,10423,42.5,82863,28.7
13211,Morgan,GA,20614,7793,42.3,85692,30.1
13213,Murray,GA,40282,15258,39.3,67880,13.7
13215,Muscogee,GA,204383,80600,35.1,56622,29.7
13217,Newton,GA,115530,40531,36.4,73732,23.6
13219,Oconee,GA,42788,14721,40.7,115925,54.9
13223,Paulding,GA,174292,58608,36.7,94557,27.4
13225,Peach,GA,28269,10284,37.8,68365,24.3
13227,Pickens,GA,34197,13054,46.1,75293,24.9
13233,Polk,GA,43365,15588,38.5,55308,14.5
13237,Putnam,GA,22524,10134,47.4,64163,28.3
13245,Richmond,GA,206040,75023,35,53197,24.1
13247,Rockdale,GA,94293,33959,39.2,72349,29.1
13255,Spalding,GA,68215,26535,39.2,60217,17.9
13257,Stephens,GA,26842,10276,41.2,52264,14.9
13261,Sumter,GA,29174,10848,37,41877,21.3
13267,Tattnall,GA,24215,7551,38.1,52351,14.6
13275,Thomas,GA,45696,18369,39.9,60140,23.6
13277,Tift,GA,41322,15541,37.3,53165,20.2
13279,Toombs,GA,26943,10127,37.2,54130,19.5
13285,Troup,GA,69821,26222,37.2,54905,22.5
13291,Union,GA,25598,11012,55.9,65697,25.7
13293,Upson,GA,27856,10377,41.4,50904,14.8
13295,Walker,GA,68449,26181,41.8,55887,20.1
13297,Walton,GA,100361,34951,39.7,82381,24.9
13299,Ware,GA,35958,12866,38,44833,15
13305,Wayne,GA,30519,11045,38.9,49562,14
13311,White,GA,28454,10422,45.4,69747,24.3
13313,Whitfield,GA,103118,36101,36.6,64262,19.3
13321,Worth,GA,20575,7876,43,57201,11.3
15001,Hawaii,HI,203684,72958,44.1,77215,30.9
15003,Honolulu,HI,1003666,337061,39.4,104264,37.7
15007,Kauai,HI,73610,23465,42.7,93612,30.2
15009,Maui,HI,164632,55485,42.9,95076,30.1
16001,Ada,ID,508052,196700,38.3,88907,43.9
16005,Bannock,ID,88457,33340,35,64080,30.2
16011,Bingham,ID,48993,16009,34.8,76842,20.8
16013,Blaine,ID,24579,9822,45.5,84470,45.5
16017,Bonner,ID,49456,19599,48.2,65168,28.9
16019,Bonneville,ID,127056,43378,33.3,76646,32.2
16027,Canyon,ID,242405,82864,34.8,72355,22.8
16031,Cassia,ID,25165,8238,33.1,67042,20.9
16039,Elmore,ID,29046,10848,32.5,58976,21.2
16051,Jefferson,ID,32234,9899,32.3,82952,27.2
16053,Jerome,ID,24788,8198,33.6,69338,13.4
16055,Kootenai,ID,177736,69104,40.8,77034,28.8
16057,Latah,ID,40315,16058,30.7,65179,44.9
16065,Madison,ID,53578,12778,21.4,58259,40.3
16067,Minidoka,ID,21922,7814,34.5,70060,16.8
16069,Nez Perce,ID,42477,17250,40.9,71466,26.8
16075,Payette,ID,26190,9481,38.8,65723,19.6
16083,Twin Falls,ID,92121,33912,35.8,65338,23
17001,Adams,IL,65166,27770,41.1,64962,27
17007,Boone,IL,53316,19155,39.5,81638,23.2
17011,Bureau,IL,33027,14011,44.1,65894,21.4
17019,Champaign,IL,206098,83777,30.9,63091,46.6
17021,Christian,IL,33684,13534,42.7,59253,16.5
17027,Clinton,IL,36899,14463,41.4,82314,24.4
17029,Coles,IL,46689,20335,38.2,56040,27.1
17031,Cook,IL,5185812,2084578,37.8,81797,41.9
17037,DeKalb,IL,100512,39314,32.6,69022,32.7
17043,DuPage,IL,927263,349497,40,110502,51.4
17049,Effingham,IL,34505,14030,39.5,75380,26
17051,Fayette,IL,21380,7832,41.7,57113,16.6
17055,Franklin,IL,37541,16130,43.4,53471,17.1
17057,Fulton,IL,33259,13902,43.7,58617,17.6
17063,Grundy,IL,52920,20518,38.6,93060,24.2
17073,Henry,IL,48948,20261,43.4,69912,24.3
17075,Iroquois,IL,26746,11333,44.4,62439,16.7
17077,Jackson,IL,52706,23088,32.9,45572,35.1
17081,Jefferson,IL,36808,14805,41.1,61102,18.4
17083,Jersey,IL,21336,7984,43.2,79104,20.5
17085,Jo Daviess,IL,21918,10385,50.9,74954,28.8
17089,Kane,IL,516097,183196,38.6,100678,37.5
17091,Kankakee,IL,106833,40895,39,68325,20.4
17093,Kendall,IL,135053,44526,36,110474,36.4
17095,Knox,IL,49294,20765,42.4,53291,20.3
17097,Lake,IL,711885,256660,38.9,108917,47
17099,LaSalle,IL,109049,45092,42.1,72281,18.7
17103,Lee,IL,34058,13382,43,68459,19.4
17105,Livingston,IL,35659,14614,41.9,70796,18.5
17107,Logan,IL,27870,11122,40.5,64188,19.9
17109,McDonough,IL,27102,11760,35.1,50434,31.8
17111,McHenry,IL,311366,116329,40.4,102836,35.2
17113,McLean,IL,170882,69072,34.2,78329,46.9
17115,Macon,IL,102591,43334,40.9,62449,24.1
17117,Macoupin,IL,44566,17431,44.3,68518,18.8
17119,Madison,IL,264631,109385,40.2,74800,30.8
17121,Marion,IL,37294,15465,41.3,60839,17.3
17133,Monroe,IL,34969,13830,42.5,101635,38.2
17135,Montgomery,IL,28078,11265,42.6,61863,18.2
17137,Morgan,IL,32621,13125,41.5,65175,23.3
17141,Ogle,IL,51536,20695,42,79244,24
17143,Peoria,IL,179831,77074,38.1,64938,34.5
17145,Perry,IL,20810,7994,42.2,59286,12.3
17157,Randolph,IL,30142,11671,43,68870,14.2
17161,Rock Island,IL,142995,61192,40.3,66768,24.1
17163,St. Clair,IL,254777,101273,39.5,70178,30.7
17165,Saline,IL,23387,10032,43.2,54945,20.2
17167,Sangamon,IL,195217,84290,40.8,74114,35.1
17173,Shelby,IL,20867,8795,45.5,68457,17.6
17177,Stephenson,IL,44042,19469,45.2,61943,21.7
17179,Tazewell,IL,130555,53812,41.7,76704,28.4
17183,Vermilion,IL,73179,30185,41.2,54537,16.2
17195,Whiteside,IL,55192,23215,43.4,64536,20.1
17197,Will,IL,698450,241310,38.9,107799,36.5
17199,Williamson,IL,66902,28774,41.4,65521,27.5
17201,Winnebago,IL,283289,115449,39.7,64363,24.6
17203,Woodford,IL,38348,14704,40.5,85629,36.1
18001,Adams,IN,35995,12345,33.2,63128,15.2
18003,Allen,IN,388791,154183,36.2,68839,31.1
18005,Bartholomew,IN,82881,32984,37.7,80365,35.4
18011,Boone,IN,72827,27948,38.3,104865,50.5
18015,Carroll,IN,20443,8024,42.9,64003,15.5
18017,Cass,IN,37703,14924,41.1,56525,15.6
18019,Clark,IN,122800,49184,39.8,72298,25.5
18021,Clay,IN,26431,10541,41.2,67676,17
18023,Clinton,IN,32967,12396,36.5,63690,16.7
18027,Daviess,IN,33442,11568,34.7,68561,15.1
18029,Dearborn,IN,50828,20148,41.8,82693,26
18031,Decatur,IN,26411,10518,40.4,74228,20.1
18033,DeKalb,IN,43584,17008,38.4,70080,20.1
18035,Delaware,IN,112109,46146,35.7,56932,25.7
18037,Dubois,IN,43563,17588,40.1,71918,24.3
18039,Elkhart,IN,206868,71760,35.5,65617,19.7
18041,Fayette,IN,23390,9479,43.9,56659,16.4
18043,Floyd,IN,80512,31173,40.1,78179,31.3
18047,Franklin,IN,22929,9131,42.3,79702,19.5
18049,Fulton,IN,20411,7927,42.2,62878,16.2
18051,Gibson,IN,32986,13156,40.8,67763,19
18053,Grant,IN,66377,26757,39.3,54007,20.4
18055,Greene,IN,30954,12781,43.1,59753,14.6
18057,Hamilton,IN,357176,133171,38,117957,61.8
18059,Hancock,IN,82013,32246,40.2,91326,34.2
18061,Harrison,IN,39785,15154,43,72468,22
18063,Hendricks,IN,179379,65839,38.6,99988,39.6
18065,Henry,IN,48896,18460,42.1,60144,16.7
18067,Howard,IN,83610,35129,41,62496,20
18069,Huntington,IN,36757,15227,40.8,62734,23.1
18071,Jackson,IN,46319,17745,38.8,70208,20.3
18073,Jasper,IN,33198,12586,41.4,79634,18.1
18075,Jay,IN,20281,7959,39.6,54114,12.7
18077,Jefferson,IN,33074,12699,41.6,59987,18.1
18079,Jennings,IN,27584,10760,40.1,68476,13.6
18081,Johnson,IN,163983,61513,38.1,87227,33.3
18083,Knox,IN,36108,15110,39.1,58863,17.8
18085,Kosciusko,IN,80357,31747,39,73922,24.6
18087,LaGrange,IN,40596,12804,32.5,83741,11.1
18089,Lake,IN,498990,193474,39.6,68985,24.9
18091,LaPorte,IN,112141,43681,40.8,70452,21.7
18093,Lawrence,IN,45077,19156,43.5,65551,20.5
18095,Madison,IN,130949,52843,40.8,62632,20.1
18097,Marion,IN,971822,396662,34.3,63450,34.1
18099,Marshall,IN,46225,17377,39.6,68041,20.4
18103,Miami,IN,35772,13270,41,61130,16.1
18105,Monroe,IN,139822,58264,31.4,63372,49.1
18107,Montgomery,IN,38155,15524,40,66571,19.5
18109,Morgan,IN,72202,27713,41.6,79088,20.6
18113,Noble,IN,47417,17971,39.5,70908,17.8
18119,Owen,IN,21434,8598,45.3,59586,17
18127,Porter,IN,174150,68049,40.6,85828,30.1
18129,Posey,IN,25163,10270,43.1,79124,25.3
18133,Putnam,IN,37091,13980,38.4,76182,19.9
18135,Randolph,IN,24425,10182,42.1,61121,14.4
18137,Ripley,IN,29039,11356,40.9,71084,19.4
18141,St. Joseph,IN,272574,107005,36.7,64885,32.6
18143,Scott,IN,24468,9637,41.2,54583,12.4
18145,Shelby,IN,45104,18145,41.2,71301,19.4
18149,Starke,IN,23300,8758,41.9,62933,12.6
18151,Steuben,IN,34648,13765,43.6,71483,24.7
18153,Sullivan,IN,20766,7697,41.3,54985,14.3
18157,Tippecanoe,IN,187399,74415,28.8,58622,40.1
18163,Vanderburgh,IN,179908,77198,38.9,60938,27.1
18167,Vigo,IN,106201,42595,36.4,52525,25.9
18169,Wabash,IN,30901,12554,42.6,68414,21.6
18173,Warrick,IN,64650,24697,41.3,95027,35.5
18175,Washington,IN,28167,10994,41.4,61358,13.8
18177,Wayne,IN,66377,26818,40.9,56652,20.2
18179,Wells,IN,28261,11360,40.2,69741,18.9
18181,White,IN,24709,9865,42.5,66143,18.3
18183,Whitley,IN,34388,13929,41.8,75790,22.8
19011,Benton,IA,25698,10111,43.3,84742,24.9
19013,Black Hawk,IA,130693,53740,35.7,64581,30.1
19015,Boone,IA,26669,10935,42.2,79741,28.7
19017,Bremer,IA,25118,9693,38.6,83343,35.2
19019,Buchanan,IA,20645,8150,39.9,78430,22.3
19021,Buena Vista,IA,20684,7543,35.7,66564,22.1
19027,Carroll,IA,20677,8750,41.8,68528,23.4
19033,Cerro Gordo,IA,42785,19421,43.9,65537,24.3
19045,Clinton,IA,46383,19434,42.5,65177,22.1
19049,Dallas,IA,104136,40868,35.8,102349,51.6
19057,Des Moines,IA,38597,17188,42.2,60662,23.8
19061,Dubuque,IA,98948,40585,38.8,75919,32.9
19087,Henry,IA,20228,7617,40.5,64604,22.5
19099,Jasper,IA,37864,14748,41.4,70128,19.9
19103,Johnson,IA,154881,62214,30.8,74721,54.6
19105,Jones,IA,20799,8109,43,73071,20.7
19111,Lee,IA,33175,14305,43.7,59803,21
19113,Linn,IA,229463,95051,38.5,76421,34.8
19123,Mahaska,IA,22045,8891,39.1,69019,23
19125,Marion,IA,33551,13409,39.7,78059,33.1
19127,Marshall,IA,39971,15546,38.7,72785,21.4
19139,Muscatine,IA,42735,17170,39.1,69512,22.7
19149,Plymouth,IA,25699,10297,41.1,81600,23.9
19153,Polk,IA,497441,202404,36.2,81621,39.5
19155,Pottawattamie,IA,93407,37531,40.1,71446,23.5
19163,Scott,IA,174302,72675,39,76363,36.2
19167,Sioux,IA,35984,12576,34,84736,30.4
19169,Story,IA,98592,38708,27,69006,53.3
19179,Wapello,IA,35265,14088,39.9,60034,19.4
19181,Warren,IA,53484,20219,38.7,92990,32.7
19183,Washington,IA,22539,9048,40.3,71339,24.9
19187,Webster,IA,36848,15641,39.8,68054,20.5
19193,Woodbury,IA,105760,40503,36.2,70147,23.4
20009,Barton,KS,25275,10219,38.8,56733,21.7
20015,Butler,KS,67916,25025,38.3,80375,32.6
20035,Cowley,KS,34487,13339,38.1,58263,24.3
20037,Crawford,KS,38963,15897,33.8,50311,32
20045,Douglas,KS,119547,49939,31.3,68756,52
20051,Ellis,KS,28870,12186,32.5,59889,39.5
20055,Finney,KS,38001,13198,32.1,72437,19.7
20057,Ford,KS,34133,11768,31.9,70495,20.7
20059,Franklin,KS,25994,10289,40.1,72142,25.3
20061,Geary,KS,35895,13787,27.1,57344,24.4
20079,Harvey,KS,33823,13478,40.2,73269,31.5
20091,Johnson,KS,614764,244777,38.3,107261,56.9
20103,Leavenworth,KS,82493,29754,38.3,86906,36.6
20111,Lyon,KS,32145,13322,33.1,59078,27.7
20113,McPherson,KS,30130,12151,39.1,77701,33.1
20121,Miami,KS,34625,13532,41.8,88000,32.1
20125,Montgomery,KS,31143,12871,40.3,53242,21.3
20149,Pottawatomie,KS,25808,9084,36.2,87694,36.5
20155,Reno,KS,61693,25344,40.7,60498,20.5
20161,Riley,KS,71710,27137,25.2,59560,48
20169,Saline,KS,53801,22299,39.8,63316,29.1
20173,Sedgwick,KS,524810,205024,35.9,67675,31.6
20175,Seward,KS,21640,7208,31,62269,12.7
20177,Shawnee,KS,178315,74528,39.6,66043,32.3
20191,Sumner,KS,22386,8974,41.2,60348,26.7
20209,Wyandotte,KS,167277,61241,34.2,60582,20.5
21003,Allen,KY,21029,7852,40.7,59029,17.4
21005,Anderson,KY,24098,9496,42.1,71747,25.7
21009,Barren,KY,44670,17972,40.1,49171,17.8
21013,Bell,KY,23878,9526,41.2,32403,13.9
21015,Boone,KY,137676,50341,37.7,94752,35.4
21017,Bourbon,KY,20174,8128,42,56322,25.5
21019,Boyd,KY,48043,19016,42.4,60659,19.4
21021,Boyle,KY,30708,11806,39.5,61635,27.4
21027,Breckinridge,KY,20722,7647,42.2,53673,14.9
21029,Bullitt,KY,83209,31425,41.3,77640,18.9
21035,Calloway,KY,37882,15086,35.4,51854,32.3
21037,Campbell,KY,93193,39232,39,77271,39.5
21043,Carter,KY,26515,10371,41.8,50389,15.4
21047,Christian,KY,72599,25676,28.6,54190,20
21049,Clark,KY,37004,14934,40.8,67824,22.2
21051,Clay,KY,20105,7178,40.6,39607,16.6
21059,Daviess,KY,103195,41157,38.7,65323,25.2
21067,Fayette,KY,321122,137803,35.2,67631,47.3
21071,Floyd,KY,35342,14460,43.1,41582,15.1
21073,Franklin,KY,51563,22548,40.6,66470,31.8
21081,Grant,KY,25238,9235,36.4,67940,15.1
21083,Graves,KY,36612,14152,40,50576,17.4
21085,Grayson,KY,26586,9772,40.3,49893,14.6
21089,Greenup,KY,35639,14600,43.9,59613,18.3
21093,Hardin,KY,111452,43485,37.4,67608,24.4
21095,Harlan,KY,26185,10500,41.2,37198,12.7
21101,Henderson,KY,44493,18458,41,58239,19
21107,Hopkins,KY,45143,18169,41.3,57610,16.6
21111,Jefferson,KY,777392,329392,38.4,67849,36.6
21113,Jessamine,KY,53792,19645,38.7,74886,32.4
21115,Johnson,KY,22464,8843,42,43014,16.6
21117,Kenton,KY,169817,67593,37.8,79421,37.6
21121,Knox,KY,30034,11326,39.8,33153,13.5
21125,Laurel,KY,62731,23835,39.9,56999,16.5
21133,Letcher,KY,21146,8367,43.3,40501,13.7
21137,Lincoln,KY,24415,9684,41.9,50862,15.2
21141,Logan,KY,27731,10922,40.6,61535,16.6
21145,McCracken,KY,67584,27287,42.4,62385,27.9
21151,Madison,KY,94064,36722,34.7,62407,34.2
21157,Marshall,KY,31728,13150,44.9,63611,21
21163,Meade,KY,30032,10798,39.3,70163,18.4
21167,Mercer,KY,22824,9137,42.8,63115,22.5
21173,Montgomery,KY,28271,10950,40.6,57468,20.8
21177,Muhlenberg,KY,30712,11937,42.8,52672,13
21179,Nelson,KY,47102,18787,39.7,67888,22.8
21183,Ohio,KY,23704,9155,40.9,54369,14.2
21185,Oldham,KY,68600,22457,39.7,121491,45.6
21193,Perry,KY,27847,11293,41.4,45261,14.2
21195,Pike,KY,57466,24449,42.9,42179,16
21199,Pulaski,KY,65503,25920,42.2,50943,17.9
21205,Rowan,KY,24525,9345,31.2,53657,27
21209,Scott,KY,58269,22119,36.4,83660,33.2
21211,Shelby,KY,48599,17850,40.9,82671,31
21217,Taylor,KY,26205,10045,37.7,61871,22
21227,Warren,KY,137549,54208,33.4,64801,33.4
21235,Whitley,KY,36755,13570,35.4,41719,19.8
21239,Woodford,KY,27017,10743,42.3,80006,41.7
22001,Acadia,LA,57218,21529,37,45266,13.4
22003,Allen,LA,22552,7659,38.9,51138,11.6
22005,Ascension,LA,128593,46773,36.4,92266,28.5
22007,Assumption,LA,20720,8420,42,52546,13.7
22009,Avoyelles,LA,39176,14540,38.2,39439,10.9
22011,Beauregard,LA,36646,13691,36.9,64995,17.8
22015,Bossier,LA,129134,49661,36.2,66336,27.3
22017,Caddo,LA,232973,94917,39.2,50067,25.3
22019,Calcasieu,LA,208668,76995,37.2,67849,24.7
22031,De Soto,LA,26897,10293,40.1,46077,14.9
22033,East Baton Rouge,LA,452821,175408,34.2,63075,38.2
22039,Evangeline,LA,32162,12240,37.7,42273,12.6
22043,Grant,LA,22123,7195,38.5,61112,12.8
22045,Iberia,LA,69194,26869,37.8,57811,14.7
22047,Iberville,LA,29950,11032,40.3,57459,16.6
22051,Jefferson,LA,432484,176986,39.9,65246,29.9
22053,Jefferson Davis,LA,32083,11704,37.4,56500,15
22055,Lafayette,LA,245075,99357,36.4,67660,34.9
22057,Lafourche,LA,96670,37397,39,63439,20.4
22061,Lincoln,LA,48160,18341,28.6,38035,36
22063,Livingston,LA,145583,51362,36.4,78617,20.3
22067,Morehouse,LA,24967,9779,40.3,36981,12.7
22069,Natchitoches,LA,37047,14108,33.3,46798,25.6
22071,Orleans,LA,376035,155060,38.4,55339,42
22073,Ouachita,LA,158916,60804,36.6,51241,27.5
22075,Plaquemines,LA,23070,8200,36.8,82874,19.8
22077,Pointe Coupee,LA,20438,8202,43.2,59351,15.5
22079,Rapides,LA,128470,48660,37.8,55946,22.4
22085,Sabine,LA,22085,8485,41.3,52047,14.5
22087,St. Bernard,LA,44172,15803,35.8,57638,17.2
22089,St. Charles,LA,51863,18622,39.1,82172,27.2
22095,St. John the Baptist,LA,41342,14922,38.5,67418,18.7
22097,St. Landry,LA,82128,31638,37.5,45637,14.3
22099,St. Martin,LA,51559,19963,39.7,53394,15.3
22101,St. Mary,LA,48455,18705,39.7,51768,13.1
22103,St. Tammany,LA,269331,103286,40.4,79277,36.6
22105,Tangipahoa,LA,135218,50191,35.7,57256,22.2
22109,Terrebonne,LA,107362,41841,37.3,64819,17.7
22111,Union,LA,20914,8247,43.5,45743,16
22113,Vermilion,LA,57031,21914,39.4,57537,16.8
22115,Vernon,LA,47764,17754,32.1,58281,19.1
22117,Washington,LA,45238,17651,41,42776,12.7
22119,Webster,LA,36189,14761,41.2,37396,12.8
22121,West Baton Rouge,LA,27666,10400,36.6,87320,23.1
23001,Androscoggin,ME,112323,46632,40.8,67298,23.4
23003,Aroostook,ME,67227,29684,48.4,54254,22.4
23005,Cumberland,ME,305940,130003,42.1,92983,52.2
23007,Franklin,ME,30145,12457,46.1,58522,29.9
23009,Hancock,ME,56084,24992,49.1,69630,39.2
23011,Kennebec,ME,125614,53936,44,65062,30.9
23013,Knox,ME,40860,17979,49.2,71903,39.1
23015,Lincoln,ME,35840,16201,51.1,72026,40
23017,Oxford,ME,58728,23694,48.3,57933,22.5
23019,Penobscot,ME,153571,64769,42.5,63248,30.5
23023,Sagadahoc,ME,37093,16175,47.3,82080,41.1
23025,Somerset,ME,50852,22737,46.9,56199,20.3
23027,Waldo,ME,40006,17476,46.9,68441,34.8
23029,Washington,ME,31261,13989,48.6,52237,24.9
23031,York,ME,214731,90250,45.3,82904,34.6
24001,Allegany,MD,67762,27436,41.7,57393,21.1
24003,Anne Arundel,MD,590936,223602,39,120324,45.2
24005,Baltimore,MD,849586,330151,39.5,90904,41.4
24009,Calvert,MD,93791,33485,40.5,132059,35.3
24011,Caroline,MD,33406,12181,39.8,66368,17.6
24013,Carroll,MD,174318,63487,41.3,115876,39.7
24015,Cecil,MD,104366,40172,40.8,91146,26.9
24017,Charles,MD,168710,60199,38.8,120592,31.6
24019,Dorchester,MD,32612,13324,43.9,60495,18.8
24021,Frederick,MD,280341,101807,38.9,120458,44.9
24023,Garrett,MD,28713,12565,48.1,69031,24.6
24025,Harford,MD,262509,100271,40.5,111317,39.5
24027,Howard,MD,333916,120066,39.4,146982,64.5
24031,Montgomery,MD,1057586,387881,40.1,128733,60.3
24033,Prince George's,MD,955584,344586,38.5,100708,36.1
24035,Queen Anne's,MD,50951,19637,44.8,113347,37.2
24037,St. Mary's,MD,114372,41743,37,114580,35.1
24039,Somerset,MD,24685,8296,38.1,52462,17.1
24041,Talbot,MD,37707,16211,51.1,84378,41.3
24043,Washington,MD,155033,59411,41,74157,23.5
24045,Wicomico,MD,104117,40034,36.2,72861,29.1
24047,Worcester,MD,53279,23827,50.7,81455,32.7
24510,Baltimore,MD,577193,250608,36.1,59623,35.4
25001,Barnstable,MA,230073,102981,55.1,94452,47.4
25003,Berkshire,MA,128047,56517,47.8,72565,38.3
25005,Bristol,MA,578436,232202,40.9,84198,30.6
25007,Dukes,MA,20751,7362,50.4,102348,49
25009,Essex,MA,807258,311676,41.1,99431,42.3
25011,Franklin,MA,70922,31498,47.3,72584,40.3
25013,Hampden,MA,462853,184217,39.8,70535,28.9
25015,Hampshire,MA,156595,61770,38.7,86391,51.1
25017,Middlesex,MA,1622896,630939,38.9,126779,59
25021,Norfolk,MA,724540,281408,40.9,126497,57.6
25023,Plymouth,MA,531889,200995,42.9,109698,41.2
25025,Suffolk,MA,782172,322184,33.8,92859,49.9
25027,Worcester,MA,861664,333273,40.3,93561,39
26005,Allegan,MI,120913,44984,40.8,80255,26.1
26007,Alpena,MI,28908,12734,47.6,51909,17.7
26009,Antrim,MI,23876,11034,51.8,71421,34.3
26015,Barry,MI,62982,24409,42,77873,24.3
26017,Bay,MI,103235,44917,43.8,60523,21.4
26021,Berrien,MI,153411,63651,42.6,63152,30.2
26023,Branch,MI,44914,16922,40.8,61958,16.9
26025,Calhoun,MI,133846,53431,40.2,60385,22.2
26027,Cass,MI,51606,21089,45.5,68011,21.6
26029,Charlevoix,MI,26143,12247,50,76495,33.9
26031,Cheboygan,MI,25778,10757,51.9,61619,22.9
26033,Chippewa,MI,36448,13867,41.3,60631,21.9
26035,Clare,MI,31109,12150,48.3,49805,13
26037,Clinton,MI,79419,31314,41.8,85928,34.2
26041,Delta,MI,36829,15900,47.8,54829,20
26043,Dickinson,MI,25940,11837,47.4,61882,24.3
26045,Eaton,MI,109000,45115,41.2,78025,30.4
26047,Emmet,MI,34159,14604,46.4,73724,40.2
26049,Genesee,MI,404087,166375,40.6,60673,22.8
26051,Gladwin,MI,25543,11060,50.8,55576,15.4
26055,Grand Traverse,MI,95757,39596,43.1,79486,40.3
26057,Gratiot,MI,41478,14511,39.7,61128,19
26059,Hillsdale,MI,45658,17858,42.8,60869,20.6
26061,Houghton,MI,37428,14251,32.3,56573,36.6
26063,Huron,MI,31258,13836,49.4,56963,17.6
26065,Ingham,MI,282015,116566,33.3,64354,41.3
26067,Ionia,MI,66706,22994,38.8,73436,18
26069,Iosco,MI,25333,11449,53.5,47777,17.6
26073,Isabella,MI,64475,24942,29.8,53759,30.8
26075,Jackson,MI,160187,62034,41.2,65004,23
26077,Kalamazoo,MI,261437,106251,34.9,70525,40.8
26081,Kent,MI,658844,254860,35.7,80390,39.6
26087,Lapeer,MI,88703,34479,44.6,76228,19.8
26089,Leelanau,MI,22607,9439,55.3,91943,49.9
26091,Lenawee,MI,98823,38807,42.2,67013,22.3
26093,Livingston,MI,195143,75722,43.8,101315,39.2
26099,Macomb,MI,877624,356426,41.1,76399,27.2
26101,Manistee,MI,25247,10324,50.3,60879,23.4
26103,Marquette,MI,66430,27887,39.2,64675,35.8
26105,Mason,MI,29177,12426,47.2,62296,25
26107,Mecosta,MI,40321,16312,40.6,57774,22.7
26109,Menominee,MI,23295,10011,49.9,55688,18
26111,Midland,MI,83641,34608,41.8,77538,36.3
26115,Monroe,MI,155001,62509,42.6,75272,23.4
26117,Montcalm,MI,67174,24153,40.1,64892,14.9
26121,Muskegon,MI,175378,67112,39.9,63495,21.4
26123,Newaygo,MI,50414,19428,42.8,61931,18.4
26125,Oakland,MI,1272294,528681,41.2,95296,50.2
26127,Oceana,MI,26788,10247,43.9,63624,21
26129,Ogemaw,MI,20853,9122,50.8,51983,15.9
26133,Osceola,MI,23122,9072,43.8,57050,16.4
26137,Otsego,MI,25352,10996,44.5,67285,25.8
26139,Ottawa,MI,298614,110019,36.3,87144,37.5
26143,Roscommon,MI,23639,11475,57.4,54106,20.3
26145,Saginaw,MI,189210,77586,41.1,58347,23.4
26147,St. Clair,MI,160089,66618,44.3,69349,20.3
26149,St. Joseph,MI,60870,23610,39.8,64707,17.1
26151,Sanilac,MI,40574,17451,45.3,59074,16
26155,Shiawassee,MI,68061,27618,43.1,64464,19.5
26157,Tuscola,MI,53071,21472,44.6,62847,15.5
26159,Van Buren,MI,75681,30101,41.2,66902,22.9
26161,Washtenaw,MI,368394,149256,34.8,87156,58.1
26163,Wayne,MI,1773767,693446,37.8,59521,26.9
26165,Wexford,MI,33868,13428,42.2,63123,21.2
27003,Anoka,MN,367095,136171,38.8,98764,31.7
27005,Becker,MN,35260,14404,43.2,71117,27.5
27007,Beltrami,MN,46421,17908,35.1,67257,32.3
27009,Benton,MN,41458,16494,36.7,71480,24.5
27013,Blue Earth,MN,69386,27183,31.5,72623,34.5
27015,Brown,MN,25826,10946,42.4,68690,24.2
27017,Carlton,MN,36457,13972,41.7,80042,25.5
27019,Carver,MN,108622,40231,38.9,123144,50.5
27021,Cass,MN,30688,12768,49.7,64937,25.4
27025,Chisago,MN,57434,21252,40.8,98260,24
27027,Clay,MN,65628,25939,33.5,77664,39
27035,Crow Wing,MN,67113,28778,45.4,71343,28.6
27037,Dakota,MN,442204,171630,38.4,105212,44.6
27039,Dodge,MN,20962,8018,38.5,92943,29.7
27041,Douglas,MN,39354,17416,44.3,77264,29
27045,Fillmore,MN,21346,8626,42.3,75225,23.7
27047,Freeborn,MN,30752,12885,43.9,69012,18.1
27049,Goodhue,MN,47844,19631,42.3,82749,27.9
27053,Hennepin,MN,1268903,534573,37.4,96339,53.3
27057,Hubbard,MN,21700,8885,48.3,70622,30.5
27059,Isanti,MN,41934,15875,40.1,86573,19.6
27061,Itasca,MN,45141,18510,46.9,66380,25.1
27067,Kandiyohi,MN,43757,17450,39.8,75097,27.1
27079,Le Sueur,MN,28936,11499,41.4,90218,25.4
27083,Lyon,MN,25498,10003,37.3,72761,28.6
27085,McLeod,MN,36771,14971,41.5,78468,19.6
27093,Meeker,MN,23422,9141,42.3,75037,20.4
27095,Mille Lacs,MN,26912,10739,41.2,71455,17.6
27097,Morrison,MN,34131,13860,42.2,68640,19
27099,Mower,MN,40069,15570,38.9,71495,23.5
27103,Nicollet,MN,34350,12984,37.8,80362,35.7
27105,Nobles,MN,22067,7689,36.3,65509,17.7
27109,Olmsted,MN,163425,66629,37.8,93494,48.5
27111,Otter Tail,MN,60281,25181,46.3,70912,27.4
27115,Pine,MN,29411,11913,45.8,69666,16.3
27119,Polk,MN,30905,12448,39.5,69136,28.1
27123,Ramsey,MN,544438,219075,35.9,81004,45.5
27131,Rice,MN,67389,23345,37.1,82792,29.7
27137,St. Louis,MN,200056,86264,41.3,69455,32.5
27139,Scott,MN,152957,54238,37.3,120247,43.1
27141,Sherburne,MN,99178,34951,36.9,102965,28.1
27145,Stearns,MN,159358,60937,35,76447,28.6
27147,Steele,MN,37413,15001,40.2,83448,29.7
27153,Todd,MN,25402,10049,42.8,63039,15.2
27157,Wabasha,MN,21519,9129,44.8,80133,26.6
27163,Washington,MN,272298,103411,39.9,114457,48.9
27169,Winona,MN,49705,20288,36.1,70198,32.1
27171,Wright,MN,145270,52757,37.4,106666,34
28001,Adams,MS,29098,11573,42.1,40250,19.3
28003,Alcorn,MS,34500,14281,40.6,49404,18.4
28011,Bolivar,MS,30163,11907,36.6,37315,26.6
28027,Coahoma,MS,20808,8463,35.7,36259,19
28029,Copiah,MS,27994,9906,39.8,47994,20.3
28033,DeSoto,MS,188598,69327,37,82980,28.3
28035,Forrest,MS,78027,29722,31.8,52821,29.5
28039,George,MS,24870,9195,36.2,54822,17.1
28043,Grenada,MS,21342,8535,38.9,47998,23.7
28045,Hancock,MS,46057,19911,45.7,67728,24.6
28047,Harrison,MS,209443,81214,38.1,57233,25.5
28049,Hinds,MS,222494,89720,36.6,49966,31.1
28057,Itawamba,MS,23942,9224,39.4,59508,14.8
28059,Jackson,MS,144437,57027,39.7,64756,24.9
28067,Jones,MS,66839,24600,37.6,51143,20
28071,Lafayette,MS,56920,18510,30.9,64334,44.3
28073,Lamar,MS,65081,25053,37.5,69106,33.2
28075,Lauderdale,MS,71984,28553,39.5,50033,21.7
28079,Leake,MS,21288,7384,40,48418,17.7
28081,Lee,MS,83138,31823,37.7,67144,28.7
28083,Leflore,MS,27432,9973,34.5,33188,20
28085,Lincoln,MS,34830,13026,41.2,48316,18.4
28087,Lowndes,MS,58187,22829,37,54460,26.6
28089,Madison,MS,110303,43097,38.5,78794,48.9
28091,Marion,MS,24303,9199,40.7,42320,12.5
28093,Marshall,MS,33899,12798,41.8,51875,14.5
28095,Monroe,MS,33928,13673,41.6,51231,16.4
28099,Neshoba,MS,28927,10285,37.7,53087,16.3
28101,Newton,MS,21151,7697,37.8,50426,17.5
28105,Oktibbeha,MS,51473,21300,25.5,43482,45.8
28107,Panola,MS,32965,12382,39.7,43990,15.5
28109,Pearl River,MS,56781,21489,41.1,56535,16
28113,Pike,MS,39930,15226,37.1,41578,15.9
28115,Pontotoc,MS,31312,11682,35.7,52741,17.7
28117,Prentiss,MS,24999,9363,37.9,51466,18.6
28121,Rankin,MS,158218,59624,39.4,77454,32.8
28123,Scott,MS,27754,9668,37.2,48492,12.1
28127,Simpson,MS,25817,9573,41,54111,16.5
28133,Sunflower,MS,25328,8058,37.6,40265,16.9
28137,Tate,MS,28135,10720,38.5,63995,20.9
28139,Tippah,MS,21621,7896,39.7,51141,16.4
28145,Union,MS,28009,10000,38.4,56807,17.1
28149,Warren,MS,43623,16816,40.3,56648,26.5
28151,Washington,MS,43674,17227,38.3,40117,20.5
28163,Yazoo,MS,26837,8892,38.4,40974,13.3
29001,Adair,MO,25224,8911,29.8,56583,35
29007,Audrain,MO,24688,8991,40.3,56232,16.1
29009,Barry,MO,34831,13360,43,56611,13.4
29019,Boone,MO,185874,75084,32.2,69913,51
29021,Buchanan,MO,83855,33398,38.9,59423,23.3
29023,Butler,MO,42166,16490,40.5,49213,15.2
29027,Callaway,MO,44541,16203,39.3,72645,25.4
29029,Camden,MO,43416,17170,53,62927,24.5
29031,Cape Girardeau,MO,82180,32544,37,68912,33.9
29037,Cass,MO,109393,42311,40.1,87413,28.8
29043,Christian,MO,91229,34256,39.3,81245,32.6
29047,Clay,MO,255566,101008,37.6,86150,36
29049,Clinton,MO,21259,8238,42.1,70625,22.7
29051,Cole,MO,76924,30746,39.7,73273,37.5
29055,Crawford,MO,22890,9468,42.3,56345,12.8
29069,Dunklin,MO,27795,11165,39.5,47368,12.6
29071,Franklin,MO,105316,42267,41.4,71973,23
29077,Greene,MO,301121,131708,36.4,57488,32.4
29083,Henry,MO,22194,9248,44.1,56621,16.1
29091,Howell,MO,40168,15997,40.1,49814,17.5
29095,Jackson,MO,717021,302726,36.9,67178,33.5
29097,Jasper,MO,123532,48367,36.6,57525,25.1
29099,Jefferson,MO,228227,87025,40.2,80522,23.6
29101,Johnson,MO,54331,20680,31.3,67123,29.1
29105,Laclede,MO,36245,14453,39.6,50825,15.7
29107,Lafayette,MO,32974,12438,40.9,79091,24.4
29109,Lawrence,MO,38392,14694,39,55849,16.6
29113,Lincoln,MO,61636,22420,37.5,85276,18.4
29119,McDonald,MO,23492,8512,38.1,48145,13.4
29127,Marion,MO,28493,11253,39.4,63908,25.7
29131,Miller,MO,25081,10034,40.8,55172,21
29141,Morgan,MO,21430,8198,45.4,49663,14.9
29145,Newton,MO,59490,22084,40.2,64583,23
29147,Nodaway,MO,20959,8389,33.9,55970,25.6
29159,Pettis,MO,43205,16937,37.9,60232,18.6
29161,Phelps,MO,44948,17644,36.2,55427,31.5
29165,Platte,MO,108751,43316,38.7,95748,45.6
29167,Polk,MO,32109,11957,38.9,56686,21
29169,Pulaski,MO,53850,16434,27.5,66435,27.9
29175,Randolph,MO,24524,9252,40.1,55310,17.1
29177,Ray,MO,23149,9046,42.2,72152,15
29183,St. Charles,MO,409830,158682,39.6,102912,42.4
29187,St. Francois,MO,66864,24113,39.2,54813,16
29189,St. Louis,MO,996618,414739,40.2,81340,46.9
29195,Saline,MO,23177,8008,35.4,56566,26
29201,Scott,MO,37967,15163,39.4,58847,21.7
29207,Stoddard,MO,28547,11393,41.9,54067,16.4
29209,Stone,MO,31697,13161,54.4,61323,23
29213,Taney,MO,56382,22145,42,58258,25.4
29215,Texas,MO,24956,9532,42.8,48055,15.8
29219,Warren,MO,36467,13414,40.8,77989,19.6
29221,Washington,MO,23483,8864,40.2,51886,12.4
29225,Webster,MO,39868,13751,36.9,69731,18.6
29510,St. Louis,MO,293109,144450,36.6,55279,40.2
30013,Cascade,MT,84601,34909,38.3,66203,28.7
30029,Flathead,MT,108445,43568,42.1,71327,36
30031,Gallatin,MT,122194,50031,33.8,87454,53.1
30047,Lake,MT,32073,12175,43.8,61965,30.5
30049,Lewis and Clark,MT,72580,30655,41.3,74543,42.8
30053,Lincoln,MT,20656,8858,52.6,47018,18
30063,Missoula,MT,119639,51642,37,71246,45.9
30081,Ravalli,MT,45807,18779,48.9,71323,29.8
30093,Silver Bow,MT,35589,15347,40.3,57504,27.7
30111,Yellowstone,MT,167340,69272,38.7,74400,33.9
31001,Adams,NE,31034,12900,38.8,65680,28.8
31019,Buffalo,NE,50323,19662,34.6,74570,34.6
31025,Cass,NE,26963,10561,41,88255,31.9
31043,Dakota,NE,21331,7299,32.1,71655,15.1
31047,Dawson,NE,24020,8982,35.8,65383,17.5
31053,Dodge,NE,37146,14863,38.9,71294,21.5
31055,Douglas,NE,585461,235080,35.5,79081,42.2
31067,Gage,NE,21646,9162,42.8,64426,22.1
31079,Hall,NE,62431,24406,36,67549,21.1
31109,Lancaster,NE,323673,132162,34.3,72625,41.1
31111,Lincoln,NE,34122,14585,42.4,64342,20.4
31119,Madison,NE,35535,14152,37.1,64637,23.5
31141,Platte,NE,34358,13398,38.4,72335,24.1
31153,Sarpy,NE,194051,72661,35.5,101402,41.9
31155,Saunders,NE,22761,8820,40.4,89395,30.3
31157,Scotts Bluff,NE,35937,15093,39.8,60960,25.9
31177,Washington,NE,20989,8391,42.6,90188,36.5
32001,Churchill,NV,25614,9728,39.8,73268,18.6
32003,Clark,NV,2293764,847378,38.3,73845,27.3
32005,Douglas,NV,49624,21096,54.2,88018,32.1
32007,Elko,NV,53852,19546,35.4,83427,17.5
32019,Lyon,NV,60630,23423,42.9,73460,17.2
32023,Nye,NV,53207,21943,52.4,55975,12.7
32031,Washoe,NV,491770,195725,38.9,85600,33.2
32510,Carson City,NV,58364,23652,42.1,71809,24.5
33001,Belknap,NH,64300,26118,48.3,87983,32.6
33003,Carroll,NH,51259,22096,54.2,82961,38.8
33005,Cheshire,NH,76945,30519,43.5,81001,35.3
33007,Coos,NH,31386,13818,49.9,58439,20.2
33009,Grafton,NH,91759,36107,44,84021,44.8
33011,Hillsborough,NH,424732,167732,41,100436,40.6
33013,Merrimack,NH,155018,60445,42.6,93944,38.1
33015,Rockingham,NH,317163,126588,44.8,113927,44.8
33017,Strafford,NH,131743,51684,37.9,86564,38.5
33019,Sullivan,NH,43529,16079,47.3,75929,30.5
34001,Atlantic,NJ,274704,108712,42.2,76819,31.2
34003,Bergen,NJ,954717,353307,42.1,123715,52.6
34005,Burlington,NJ,464226,176046,41.7,105271,42
34007,Camden,NJ,524042,200569,38.8,86384,35.3
34009,Cape May,NJ,95236,44369,51.4,88046,37.4
34011,Cumberland,NJ,152915,53341,37.6,64499,17.9
34013,Essex,NJ,854130,317473,37.7,76712,37.9
34015,Gloucester,NJ,304504,111796,40.1,102807,35.8
34017,Hudson,NJ,710478,295552,35.8,90032,47.9
34019,Hunterdon,NJ,129448,50322,46.2,139453,56.5
34021,Mercer,NJ,383286,141464,39.2,96333,44.9
34023,Middlesex,NJ,861535,305610,39.4,109028,45.1
34025,Monmouth,NJ,643615,250195,43.2,122727,50.6
34027,Morris,NJ,510375,191840,42.7,134929,57.2
34029,Ocean,NJ,646434,241521,41.4,86411,33.7
34031,Passaic,NJ,518289,177964,38.1,87137,30.3
34033,Salem,NJ,64973,24881,41.9,78412,24
34035,Somerset,NJ,346203,129459,41.9,135960,57.4
34037,Sussex,NJ,145117,57328,44.1,114316,40
34039,Union,NJ,572549,201663,39.1,100117,38.6
34041,Warren,NJ,110238,44943,43.9,99596,36.4
35001,Bernalillo,NM,674357,283609,39.3,66514,37.4
35005,Chaves,NM,64446,23605,36.9,52029,18.2
35006,Cibola,NM,27059,8353,38.4,51765,18.8
35009,Curry,NM,47932,18471,31.9,56259,21.3
35013,DoÃ±a Ana,NM,221665,83530,34,55663,31.4
35015,Eddy,NM,61114,23245,35.9,79605,19.8
35017,Grant,NM,27856,11069,49,45921,28.8
35025,Lea,NM,73154,24568,32.5,68750,15.3
35027,Lincoln,NM,20227,9376,52.7,51643,28.8
35029,Luna,NM,25420,9082,36.6,37917,14.7
35031,McKinley,NM,71172,21088,34.1,44496,12.5
35035,Otero,NM,68235,24285,36.3,52717,21.6
35039,Rio Arriba,NM,40165,14980,42.4,53901,18.8
35043,Sandoval,NM,151538,55741,41.1,84053,33.4
35045,San Juan,NM,121178,41053,38,53020,16.6
35047,San Miguel,NM,27036,11924,46.8,47400,26.2
35049,Santa Fe,NM,155175,69348,48.5,74689,44.2
35055,Taos,NM,34516,14459,51.9,58908,37.1
35061,Valencia,NM,77382,26782,39,58333,20.8
36001,Albany,NY,315374,132728,38.3,83149,45.2
36003,Allegany,NY,47027,17057,38.9,61233,24.6
36005,Bronx,NY,1419250,530067,35.6,49036,22
36007,Broome,NY,197738,81781,39.4,61059,30.6
36009,Cattaraugus,NY,76479,31822,42.5,58248,20.7
36011,Cayuga,NY,75464,31334,43.7,66583,23.9
36013,Chautauqua,NY,126329,53602,42.7,56507,25.1
36015,Chemung,NY,82805,34916,41.9,63469,26.9
36017,Chenango,NY,46685,19800,44.9,62093,19.2
36019,Clinton,NY,78961,33276,41.5,69208,26.8
36021,Columbia,NY,61245,26098,49.5,83619,38.1
36023,Cortland,NY,46401,18768,36.5,67527,28.3
36025,Delaware,NY,44551,18947,48.8,60226,26.7
36027,Dutchess,NY,297144,115184,42.6,97273,39.7
36029,Erie,NY,950044,408711,40.3,71175,36.9
36031,Essex,NY,37077,16039,49.5,70215,31.3
36033,Franklin,NY,47066,19234,41.8,63747,23.8
36035,Fulton,NY,52787,22607,44.1,62615,21.2
36037,Genesee,NY,57943,24769,42.4,72055,23.6
36039,Greene,NY,47554,18188,47.4,74011,28.9
36043,Herkimer,NY,59932,25426,44.6,68858,22.6
36045,Jefferson,NY,116130,46701,33.2,64978,25.7
36047,Kings,NY,2646306,1009596,36.3,78548,41.3
36049,Lewis,NY,26618,10958,42,68329,19.4
36051,Livingston,NY,61588,24329,41.4,72464,30.6
36053,Madison,NY,67572,25563,42.6,73141,28
36055,Monroe,NY,754068,316506,39.5,74409,41.2
36057,Montgomery,NY,49461,19234,40.1,62923,20.5
36059,Nassau,NY,1388138,456076,41.8,143408,48.7
36061,New York,NY,1627788,775376,38.9,104553,64
36063,Niagara,NY,211341,91493,43.2,67809,27.2
36065,Oneida,NY,229645,94361,40.8,68819,27.8
36067,Onondaga,NY,471611,194963,39.5,74740,38.1
36069,Ontario,NY,112405,47684,43.9,79814,37.2
36071,Orange,NY,403840,137311,36.9,96497,32.2
36073,Orleans,NY,39686,16208,43.6,63838,17.5
36075,Oswego,NY,117945,47132,40.6,68461,21.9
36077,Otsego,NY,59738,22608,40.4,67086,33.9
36079,Putnam,NY,97988,35054,44.2,127405,43.5
36081,Queens,NY,2330124,828230,40.4,84961,35.3
36083,Rensselaer,NY,160341,66233,40.2,86663,37.3
36085,Richmond,NY,492734,170047,40.4,98290,35.8
36087,Rockland,NY,338936,103284,35.1,110631,42.1
36089,St. Lawrence,NY,107796,41732,39,61900,24.6
36091,Saratoga,NY,237075,99835,43.4,99653,43.8
36093,Schenectady,NY,159603,66324,39.6,76989,35.1
36095,Schoharie,NY,29979,12439,45.7,71188,25
36099,Seneca,NY,33125,13679,42.8,66007,24.1
36101,Steuben,NY,93034,38916,43.1,64740,26
36103,Suffolk,NY,1525680,512280,41.7,128329,39.9
36105,Sullivan,NY,79147,30215,41.7,69826,29.7
36107,Tioga,NY,48106,20214,44.8,71791,25.6
36109,Tompkins,NY,102879,43269,32.8,73012,59.2
36111,Ulster,NY,182109,73105,44.2,81804,37.1
36113,Warren,NY,65560,30041,46.8,78239,34.6
36115,Washington,NY,60883,24254,45,72342,21.2
36117,Wayne,NY,91128,38222,43.6,73914,25.5
36119,Westchester,NY,996888,370256,41.5,118411,52.5
36121,Wyoming,NY,39980,16263,43.1,68913,18.2
36123,Yates,NY,24637,9095,41.6,67521,25
37001,Alamance,NC,174286,68441,38.7,64445,27.7
37003,Alexander,NC,36440,13895,43.8,65268,15.4
37007,Anson,NC,21903,8314,42.4,44245,10.9
37009,Ashe,NC,26831,11999,49.8,50827,22.4
37013,Beaufort,NC,44597,19103,47.1,57997,20.6
37017,Bladen,NC,29591,11635,44.8,44528,20.6
37019,Brunswick,NC,145889,64436,56.1,74034,33.2
37021,Buncombe,NC,271790,102672,42.4,70578,44.6
37023,Burke,NC,87863,35873,44.9,55684,20.2
37025,Cabarrus,NC,231262,80370,37.7,86084,37.7
37027,Caldwell,NC,80618,32766,45.5,55401,18.6
37031,Carteret,NC,68652,31198,50.1,70235,32.3
37033,Caswell,NC,22689,8677,46.2,59407,16
37035,Catawba,NC,162051,65201,41.8,64544,24.9
37037,Chatham,NC,78319,32253,47.6,88534,48
37039,Cherokee,NC,29197,13042,53.3,51496,24.2
37045,Cleveland,NC,100170,37218,41.2,55769,21.1
37047,Columbus,NC,50453,19227,42.4,48184,15.1
37049,Craven,NC,101074,41472,39.2,64635,26
37051,Cumberland,NC,336749,128118,31.8,58780,27.2
37053,Currituck,NC,29612,11497,41.7,91548,29.3
37055,Dare,NC,37534,16483,48.5,81214,42.8
37057,Davidson,NC,171063,68512,42.3,62426,20.7
37059,Davie,NC,43526,16873,45,73234,26.8
37061,Duplin,NC,49053,20096,40.7,51880,17.5
37063,Durham,NC,329405,138502,35.8,79501,53.5
37065,Edgecombe,NC,48777,19533,41.7,48480,16.7
37067,Forsyth,NC,386740,155743,38.3,65541,36.9
37069,Franklin,NC,71962,27442,40.9,71386,24.4
37071,Gaston,NC,231485,92287,39.5,65472,26
37077,Granville,NC,61439,22176,42.5,70975,24
37079,Greene,NC,20421,6831,39.6,50904,12.2
37081,Guilford,NC,542987,215807,37.4,66027,38.1
37083,Halifax,NC,48219,20269,43.8,45071,15.5
37085,Harnett,NC,136503,48639,35.4,69012,23.9
37087,Haywood,NC,62432,26772,47.8,61001,29.4
37089,Henderson,NC,117387,50423,47.2,67623,35.1
37091,Hertford,NC,20492,8329,42.3,47472,16.7
37093,Hoke,NC,53102,18763,33.7,60095,21.3
37097,Iredell,NC,191800,73913,40.9,78678,33.3
37099,Jackson,NC,43089,18164,38.9,53479,30
37101,Johnston,NC,226623,82293,38.3,79838,27.6
37105,Lee,NC,64565,24659,39.9,63060,21.6
37107,Lenoir,NC,54917,22930,42.2,44795,15.8
37109,Lincoln,NC,90359,35681,44.3,78490,27
37111,McDowell,NC,44679,18445,44.3,55527,17.6
37113,Macon,NC,37533,18090,50.1,53298,24.6
37115,Madison,NC,21640,8399,44.5,58628,31.5
37117,Martin,NC,21773,9361,46.7,46793,15.1
37119,Mecklenburg,NC,1130906,455494,35.4,83765,48.6
37123,Montgomery,NC,25874,10075,43.6,55849,19.3
37125,Moore,NC,102840,42814,42.8,82837,40.9
37127,Nash,NC,95451,38123,41.6,60704,21.7
37129,New Hanover,NC,231214,102376,40.1,72892,44.8
37133,Onslow,NC,208537,72516,27.1,64568,26.1
37135,Orange,NC,147292,56456,36.2,88553,61.8
37139,Pasquotank,NC,40830,15394,39,63912,26.9
37141,Pender,NC,63475,24152,41.8,76838,29.8
37145,Person,NC,39275,16211,43.9,64927,19.8
37147,Pitt,NC,172279,73404,33.6,58851,33.9
37151,Randolph,NC,145322,56970,41.4,59047,17.6
37153,Richmond,NC,42818,16863,40.3,43626,16.2
37155,Robeson,NC,116858,42744,36.5,40318,14.6
37157,Rockingham,NC,91585,39018,44.7,55796,16.1
37159,Rowan,NC,148487,57762,40.5,63196,21.5
37161,Rutherford,NC,64850,26589,45.3,49771,20.7
37163,Sampson,NC,59245,21321,39.7,53159,15.8
37165,Scotland,NC,34353,12376,38.3,43500,14.8
37167,Stanly,NC,63557,24436,40.6,61631,19.7
37169,Stokes,NC,44889,19374,47.6,60039,18.5
37171,Surry,NC,71407,29366,43.7,56095,19.4
37175,Transylvania,NC,33243,14590,51.9,64523,38.6
37179,Union,NC,244975,82231,39.1,99243,39
37181,Vance,NC,42361,16081,39.9,46943,18.5
37183,Wake,NC,1151009,445636,37.2,101763,56.3
37189,Watauga,NC,54607,21187,32.2,51367,47.7
37191,Wayne,NC,117606,46888,37.4,58082,21.3
37193,Wilkes,NC,65983,26975,45.3,50438,16.7
37195,Wilson,NC,78648,32860,40.7,51381,20.3
37197,Yadkin,NC,37419,14893,44.3,60321,15.8
38015,Burleigh,ND,98986,40361,38,84948,38.7
38017,Cass,ND,189286,81668,32.9,75023,43.3
38035,Grand Forks,ND,72764,31045,30.6,68450,37.2
38059,Morton,ND,33479,13529,37.7,79483,29.3
38089,Stark,ND,33116,13217,34.5,80744,27.2
38093,Stutsman,ND,21525,9295,40.6,60172,24.4
38101,Ward,ND,69232,28290,33.3,79273,29.7
38105,Williams,ND,39368,15308,32.3,90224,23.7
39001,Adams,OH,27510,10230,42.3,49521,14.3
39003,Allen,OH,101685,40928,39.7,62001,19.9
39005,Ashland,OH,52296,20654,41.4,64991,22.1
39007,Ashtabula,OH,97343,38959,42.7,55507,16
39009,Athens,OH,61573,22722,32.8,53837,35.4
39011,Auglaize,OH,46209,18951,40.6,76454,20.8
39013,Belmont,OH,65982,26450,44.1,58411,18.7
39015,Brown,OH,43710,17145,42.1,69990,15.8
39017,Butler,OH,389910,145232,37.1,81194,32.5
39019,Carroll,OH,26731,11476,45.5,64675,14
39021,Champaign,OH,38772,15512,41.6,74239,19.1
39023,Clark,OH,135445,55325,41.2,60846,18.5
39025,Clermont,OH,209862,84334,40.8,83178,31.4
39027,Clinton,OH,42014,16534,41,68125,20.1
39029,Columbiana,OH,101203,41375,44.7,58474,16
39031,Coshocton,OH,36679,14860,41,54687,16.7
39033,Crawford,OH,41767,18120,43.3,55477,15.5
39035,Cuyahoga,OH,1249418,554173,40.5,62823,35.9
39037,Darke,OH,51655,21332,42,64654,16.5
39039,Defiance,OH,38258,15376,40.8,73615,20.1
39041,Delaware,OH,221160,80455,39.9,130088,58
39043,Erie,OH,74938,32122,45.2,68431,27.9
39045,Fairfield,OH,161289,59979,39.5,87069,31.9
39047,Fayette,OH,28880,11635,40.8,60047,13.8
39049,Franklin,OH,1321635,547922,34.7,73795,42
39051,Fulton,OH,42434,16881,41.6,72866,18.8
39053,Gallia,OH,29162,11305,41.3,56455,17.9
39055,Geauga,OH,95479,35587,45,100783,38.7
39057,Greene,OH,168531,67478,38.7,85218,41.3
39059,Guernsey,OH,38283,16247,42.7,55756,15.3
39061,Hamilton,OH,827878,352181,36.9,70816,41.4
39063,Hancock,OH,74885,31618,39.6,69699,29.7
39065,Hardin,OH,30527,11711,35.3,58001,18.9
39069,Henry,OH,27581,11226,41.7,79267,18.7
39071,Highland,OH,43403,16814,40.8,62008,15.6
39073,Hocking,OH,27938,11565,42.6,61366,14.4
39075,Holmes,OH,44312,13326,32.5,74774,11
39077,Huron,OH,58412,23432,40.4,65972,16.9
39079,Jackson,OH,32588,12672,40.2,58409,16.6
39081,Jefferson,OH,64855,27127,44.2,56983,20.6
39083,Knox,OH,62888,23435,39.4,73988,24.3
39085,Lake,OH,232101,100319,44,77952,30.5
39087,Lawrence,OH,57385,22501,41.9,54842,18.6
39089,Licking,OH,180311,68305,40.2,81033,29.3
39091,Logan,OH,46140,19558,42.1,69183,18.3
39093,Lorain,OH,314588,125856,42.1,70693,27.9
39095,Lucas,OH,428748,182146,38.3,60095,28.5
39097,Madison,OH,44126,15361,41.5,83229,22.4
39099,Mahoning,OH,227063,98190,43.4,55576,26.4
39101,Marion,OH,65145,24524,40.5,57306,13.7
39103,Medina,OH,183049,72500,43.1,92660,36.2
39105,Meigs,OH,22072,8875,43.8,46701,11.8
39107,Mercer,OH,42438,16278,39.1,78036,22.2
39109,Miami,OH,109549,44562,41.1,74175,24.9
39113,Montgomery,OH,535528,230149,38.8,64403,30.5
39117,Morrow,OH,35214,13449,43.3,71047,18.2
39119,Muskingum,OH,86382,34243,40.5,59203,20.3
39123,Ottawa,OH,40161,18091,50.3,75728,28.5
39127,Perry,OH,35474,13349,41.1,64737,15
39129,Pickaway,OH,59407,21412,39.5,72927,21.3
39131,Pike,OH,27080,10816,41.1,49552,14.6
39133,Portage,OH,161421,64560,39.3,72822,31.5
39135,Preble,OH,40802,16742,43.2,71237,17.9
39137,Putnam,OH,34352,13173,40,82785,26.3
39139,Richland,OH,125138,50068,40.9,57649,17.9
39141,Ross,OH,76748,29429,41,59819,17.1
39143,Sandusky,OH,58770,24452,42.5,62500,19.1
39145,Scioto,OH,73118,28637,40.6,49571,18
39147,Seneca,OH,54861,22099,40.5,65020,20.7
39149,Shelby,OH,48007,18786,40.1,72822,20.6
39151,Stark,OH,373764,155366,41.9,65740,25
39153,Summit,OH,538087,229503,41.2,71016,35.3
39155,Trumbull,OH,201367,86135,43.8,55088,20.3
39157,Tuscarawas,OH,92585,38127,41.2,64494,19.6
39159,Union,OH,65293,23495,38.1,109506,39.1
39161,Van Wert,OH,28824,11651,41.4,65344,17
39165,Warren,OH,246364,90288,39.8,107843,45.7
39167,Washington,OH,59318,24887,44.1,61355,20.7
39169,Wayne,OH,116618,44192,38.9,71769,24.7
39171,Williams,OH,36862,15455,41.8,61834,14.2
39173,Wood,OH,131795,54156,35.7,73124,37.4
39175,Wyandot,OH,21699,9064,41.6,71878,20.7
40009,Beckham,OK,22202,8192,37.1,52323,13.3
40013,Bryan,OK,47237,18234,36.8,54280,24.4
40015,Caddo,OK,26626,9108,37.8,52817,15.5
40017,Canadian,OK,162621,57464,36.1,85427,31.8
40019,Carter,OK,48255,18887,38.3,58856,20
40021,Cherokee,OK,47621,18403,37.3,53668,29.4
40027,Cleveland,OK,297545,115293,35.1,74446,35.6
40031,Comanche,OK,121699,44718,33.7,59000,24.2
40037,Creek,OK,72353,27830,40.6,61849,18.4
40039,Custer,OK,28332,10784,32.8,57562,33.3
40041,Delaware,OK,41017,16930,47,55114,19.2
40047,Garfield,OK,62322,23910,35.7,67302,22.3
40049,Garvin,OK,25779,10000,38.8,57127,17.7
40051,Grady,OK,55868,20540,39.9,75730,21.9
40065,Jackson,OK,24730,9778,35,61497,24.2
40071,Kay,OK,43731,16716,38.3,56673,18.5
40079,Le Flore,OK,48728,17740,38.8,50027,14.8
40081,Lincoln,OK,33917,12972,41.3,59425,15.5
40083,Logan,OK,50905,17536,40.2,82735,30.5
40087,McClain,OK,43779,16025,38.9,84778,28
40089,McCurtain,OK,30825,11304,37.9,50175,15.5
40097,Mayes,OK,39406,15267,40.5,57279,16.5
40101,Muskogee,OK,66471,25792,38.2,51999,19
40109,Oklahoma,OK,800487,323102,35.1,65374,35.1
40111,Okmulgee,OK,36922,14177,39.4,53123,17.3
40113,Osage,OK,45963,17074,43.3,60482,21.5
40115,Ottawa,OK,30360,11755,37.3,48656,15
40119,Payne,OK,82290,32341,27.7,48937,40.1
40121,Pittsburg,OK,43629,17649,40.3,54787,19.7
40123,Pontotoc,OK,38158,14974,37.5,62564,29.7
40125,Pottawatomie,OK,73011,26581,38,60828,21
40131,Rogers,OK,97235,35722,39.3,77688,25.6
40133,Seminole,OK,23550,8701,39.2,46191,15.1
40135,Sequoyah,OK,39676,15184,40.6,49795,15.2
40137,Stephens,OK,43314,17228,40.9,60236,19.5
40139,Texas,OK,20880,6870,33.4,59275,24.4
40143,Tulsa,OK,673708,268530,36,67317,33.7
40145,Wagoner,OK,84339,30565,38.8,78520,26.9
40147,Washington,OK,52895,20596,39.4,61205,30.5
40153,Woodward,OK,20260,8116,36.5,65060,21.6
41003,Benton,OR,96359,38286,33.8,76011,54.4
41005,Clackamas,OR,422308,162762,42.1,100360,39.7
41007,Clatsop,OR,41343,18095,45.2,68705,26.3
41009,Columbia,OR,53178,20710,43.2,86359,19.2
41011,Coos,OR,64832,28417,48.6,60313,21.7
41013,Crook,OR,25651,10647,47.7,81675,22.5
41015,Curry,OR,23463,11280,57.2,64769,24.2
41017,Deschutes,OR,203026,83197,42.6,87640,43.4
41019,Douglas,OR,111807,46677,46.6,58983,18.9
41027,Hood River,OR,23958,9021,40.2,82095,39.4
41029,Jackson,OR,222563,90679,42.7,71443,30.6
41031,Jefferson,OR,24973,8659,41.3,73051,20
41033,Josephine,OR,88069,36336,47.5,59097,19.7
41035,Klamath,OR,69812,28840,41.3,59353,21.5
41039,Lane,OR,382628,159509,40.2,69311,33.4
41041,Lincoln,OR,50632,22829,52.5,61314,28.8
41043,Linn,OR,129794,50534,40.2,73396,20.8
41045,Malheur,OR,31701,10039,36.2,49902,15.5
41047,Marion,OR,346532,125413,37.2,74624,26
41051,Multnomah,OR,803863,347392,38.5,86247,48.6
41053,Polk,OR,88553,32574,37.6,81318,30.6
41057,Tillamook,OR,27471,11817,48.9,66551,25.1
41059,Umatilla,OR,80087,28194,36.7,68958,18
41061,Union,OR,26192,10856,40.1,64212,24.9
41065,Wasco,OR,26603,10411,40.5,63602,21.8
41067,Washington,OR,600266,232366,37.8,104434,46.7
41071,Yamhill,OR,108122,38836,39.5,87084,29.2
42001,Adams,PA,105183,40411,43.8,81071,24.8
42003,Allegheny,PA,1240476,546507,40.6,76393,44.8
42005,Armstrong,PA,65069,28007,47.2,64295,18.9
42007,Beaver,PA,166993,71975,44.7,70156,28.3
42009,Bedford,PA,47503,19763,47.5,60302,16.3
42011,Berks,PA,429989,161701,39.9,77684,27.2
42013,Blair,PA,121854,50548,42.9,60594,24.1
42015,Bradford,PA,59971,24487,43.7,62482,21.2
42017,Bucks,PA,645993,247674,44.1,111951,43.9
42019,Butler,PA,195870,80245,43.3,86775,38.6
42021,Cambria,PA,132355,55692,45.7,56292,23
42025,Carbon,PA,65191,27093,46.3,67877,18.3
42027,Centre,PA,158041,59006,33.8,72748,46.5
42029,Chester,PA,540896,202405,40.7,123041,56.6
42031,Clarion,PA,37297,14982,41.6,60668,23.3
42033,Clearfield,PA,78902,32089,45.6,60181,20.1
42035,Clinton,PA,37707,15258,39.8,58842,21.3
42037,Columbia,PA,65055,25874,41.4,61992,24.9
42039,Crawford,PA,83189,33616,43.9,60254,21.2
42041,Cumberland,PA,264422,105187,40.3,85634,39.6
42043,Dauphin,PA,287484,119763,39.4,74159,34.3
42045,Delaware,PA,576195,216660,39,88576,41.6
42047,Elk,PA,30703,13481,48.5,64103,19.9
42049,Erie,PA,269544,110106,40.1,61476,29.6
42051,Fayette,PA,126967,54962,45.4,56093,18.9
42055,Franklin,PA,156626,63028,42.2,74946,24
42059,Greene,PA,35265,14126,43,66870,21.1
42061,Huntingdon,PA,43844,16038,43.5,65429,18.2
42063,Indiana,PA,83213,32291,39.5,58739,26.9
42065,Jefferson,PA,44099,18207,43.7,56898,17.5
42067,Juniata,PA,23419,8928,43.1,63923,15
42069,Lackawanna,PA,215834,88266,41.9,64691,30.1
42071,Lancaster,PA,555151,210536,39.1,83703,31
42073,Lawrence,PA,85423,36005,44.9,60779,22.8
42075,Lebanon,PA,143592,55846,41.3,76350,24
42077,Lehigh,PA,375408,143445,39.3,77493,33.4
42079,Luzerne,PA,325978,133434,42.1,62321,25
42081,Lycoming,PA,113570,46201,41.3,64412,24.8
42083,McKean,PA,40149,16204,43.8,61705,20.3
42085,Mercer,PA,109852,46123,45.2,60614,25.1
42087,Mifflin,PA,46074,18502,43.1,61415,13.2
42089,Monroe,PA,167784,60562,43.9,82374,27.9
42091,Montgomery,PA,861225,333514,41.1,111521,52.3
42095,Northampton,PA,315927,121496,42,86687,33.8
42097,Northumberland,PA,90925,37581,44.4,57948,19.2
42099,Perry,PA,45988,18232,43.8,78824,18.6
42101,Philadelphia,PA,1582432,669222,35.1,60698,34.6
42103,Pike,PA,59691,24009,49.4,79318,28.9
42107,Schuylkill,PA,143259,57465,43.9,66901,19.1
42109,Snyder,PA,39711,14549,40.5,68435,21.4
42111,Somerset,PA,73255,29071,47,59378,17.3
42115,Susquehanna,PA,38349,15639,48.6,66930,19.8
42117,Tioga,PA,41078,16639,45,62932,21.5
42119,Union,PA,42570,14301,40.5,72894,26.4
42121,Venango,PA,50096,21342,47.6,61626,19.7
42123,Warren,PA,38174,16271,47.4,59013,19.5
42125,Washington,PA,209778,87665,44.2,77487,32.8
42127,Wayne,PA,51189,20314,48.9,62182,21.6
42129,Westmoreland,PA,353345,154385,47.1,72468,31.8
42131,Wyoming,PA,26075,10892,45.2,70268,21.5
42133,York,PA,459312,180207,40.9,82238,27.2
44001,Bristol,RI,50568,19420,44.1,110926,51.8
44003,Kent,RI,170658,72743,43.6,91278,34.3
44005,Newport,RI,85095,36186,46.4,100859,53
44007,Providence,RI,658977,256505,37.9,78204,32.2
44009,Washington,RI,130073,52048,45.3,102478,50.5
45001,Abbeville,SC,24352,9536,44.3,52112,19.3
45003,Aiken,SC,171949,68606,41.6,67940,31.1
45007,Anderson,SC,207218,82134,40.5,64683,26.4
45011,Barnwell,SC,20565,8107,40.7,41800,12.8
45013,Beaufort,SC,192123,78794,47.2,84819,44.8
45015,Berkeley,SC,238723,90348,36.7,82327,29.9
45019,Charleston,SC,414711,175499,39,84320,49
45021,Cherokee,SC,56299,21864,40.3,49047,18.4
45023,Chester,SC,32177,12926,42.2,51216,13.7
45025,Chesterfield,SC,43575,17381,42.4,47620,13.2
45027,Clarendon,SC,31037,11949,45.9,48887,17.7
45029,Colleton,SC,38623,15968,42.2,48779,16.7
45031,Darlington,SC,62754,25074,41.5,47419,19.7
45033,Dillon,SC,28031,10587,37.5,44038,11.7
45035,Dorchester,SC,164322,61573,37.9,76896,30
45037,Edgefield,SC,26508,9508,42,67092,21.4
45039,Fairfield,SC,20741,8773,46.7,46972,15.3
45041,Florence,SC,136921,52522,39.2,56650,23.6
45043,Georgetown,SC,64200,26593,51.6,66734,32.5
45045,Greenville,SC,537575,215774,38.5,74624,40
45047,Greenwood,SC,69329,27770,39.6,50635,25.6
45051,Horry,SC,368937,150342,48.2,64623,26.6
45053,Jasper,SC,30658,12420,44.3,63503,25.9
45055,Kershaw,SC,66924,25877,40.3,64343,22.8
45057,Lancaster,SC,100905,39204,42.2,74751,31.2
45059,Laurens,SC,67904,26291,40.9,55517,17.9
45063,Lexington,SC,300370,120789,39.7,75014,33.1
45067,Marion,SC,28900,11788,43,34501,13.8
45069,Marlboro,SC,26285,9729,41.2,36293,8.7
45071,Newberry,SC,38121,15220,42,59670,23.5
45073,Oconee,SC,79566,33653,46.7,60193,28.5
45075,Orangeburg,SC,83531,32880,40.8,43214,19.4
45077,Pickens,SC,132604,51404,36.2,59411,27.3
45079,Richland,SC,418725,165308,34.2,61699,41.1
45083,Spartanburg,SC,338096,128606,37.9,64195,25.7
45085,Sumter,SC,104853,41181,37.3,55990,23.2
45087,Union,SC,26990,11738,44.3,41200,13.5
45089,Williamsburg,SC,30517,12160,44,43471,15.4
45091,York,SC,288559,111623,39.4,83060,38.1
46011,Brookings,SD,34968,13490,28,67341,44
46013,Brown,SD,38079,16364,37.8,70239,33.2
46029,Codington,SD,28556,12361,39.9,65080,20.9
46081,Lawrence,SD,26574,11812,43.8,66766,34.1
46083,Lincoln,SD,68286,26645,35.8,96552,42.5
46093,Meade,SD,30297,11801,37,74161,26.9
46099,Minnehaha,SD,200689,82394,35.7,76074,34.6
46103,Pennington,SD,112081,45698,39.7,70768,34.1
46135,Yankton,SD,23379,9792,42.2,73855,27.7
47001,Anderson,TN,78175,32069,42,63171,26.3
47003,Bedford,TN,51291,18953,37.6,62197,16.9
47009,Blount,TN,137747,54449,43.9,74607,26.8
47011,Bradley,TN,109743,41909,39.3,63789,24.6
47013,Campbell,TN,39568,16709,44.2,50260,13.2
47017,Carroll,TN,28461,11258,41.6,50391,18.9
47019,Carter,TN,56462,24188,45.8,48435,20.7
47021,Cheatham,TN,41500,15908,41.4,82015,25.1
47025,Claiborne,TN,32221,13456,42.5,46587,17.3
47029,Cocke,TN,36503,15123,45.4,48416,11.6
47031,Coffee,TN,58940,22794,39.2,60656,22.9
47035,Cumberland,TN,62529,27447,53,58475,18.5
47037,Davidson,TN,709846,314578,34.6,75664,47.3
47041,DeKalb,TN,20551,8495,42.2,48484,20
47043,Dickson,TN,55197,21092,39,73223,21.4
47045,Dyer,TN,36681,14884,40,54973,21.6
47047,Fayette,TN,42653,16730,47.2,84764,26.9
47051,Franklin,TN,43478,17097,42.7,61553,23.1
47053,Gibson,TN,50610,20098,39.8,59009,19.1
47055,Giles,TN,30442,11710,43.6,61476,19.2
47057,Grainger,TN,23929,9566,45.7,51351,14.9
47059,Greene,TN,70919,28093,44.6,54071,17.7
47063,Hamblen,TN,64930,25758,40.8,52794,20.1
47065,Hamilton,TN,370913,151316,39.5,72568,37
47069,Hardeman,TN,25477,9049,40.4,46173,11.3
47071,Hardin,TN,26939,10833,45.4,49149,14.8
47073,Hawkins,TN,57446,23090,45.9,55278,16.8
47077,Henderson,TN,27906,10928,40.3,53471,14.4
47079,Henry,TN,32345,13205,45.8,48540,18.6
47081,Hickman,TN,25229,9180,41.7,57223,13.6
47089,Jefferson,TN,55835,21351,44.1,63084,21
47093,Knox,TN,487401,197298,37.3,71662,40.2
47097,Lauderdale,TN,24933,9214,39.4,49205,10.9
47099,Lawrence,TN,44901,16704,39,53233,15.5
47103,Lincoln,TN,35617,14589,43,63115,19.3
47105,Loudon,TN,56996,23438,48.7,80296,28.6
47107,McMinn,TN,54135,21471,42.5,59674,17.5
47109,McNairy,TN,25933,9806,43.1,50714,11.8
47111,Macon,TN,25793,9200,38.3,56269,11.8
47113,Madison,TN,98845,39534,38.3,58189,26
47115,Marion,TN,29010,11529,43.7,58103,16.5
47117,Marshall,TN,35276,13268,39.6,70829,21
47119,Maury,TN,104855,41260,39.2,74162,26.5
47123,Monroe,TN,47054,19283,44.8,56648,15.8
47125,Montgomery,TN,227957,84321,31.7,72365,31.7
47129,Morgan,TN,21193,7188,42.5,57408,13.7
47131,Obion,TN,30570,12516,41.9,53102,18.1
47133,Overton,TN,22807,8992,43.1,46159,13.5
47141,Putnam,TN,81366,33057,36.1,56537,29.2
47143,Rhea,TN,33299,13243,41,58133,17.4
47145,Roane,TN,54403,22539,47.4,66218,22
47147,Robertson,TN,74291,27755,39.1,78439,21.1
47149,Rutherford,TN,351591,125861,34,82588,34.4
47151,Scott,TN,21969,8638,40.7,42679,10.2
47155,Sevier,TN,98802,39221,43.6,63829,21.4
47157,Shelby,TN,922195,360590,35.8,62337,34.2
47159,Smith,TN,20196,7619,40.7,62799,17.9
47163,Sullivan,TN,159693,68408,45,56802,26.6
47165,Sumner,TN,200553,76706,39.7,86005,32.6
47167,Tipton,TN,61339,22544,38.7,71736,18.5
47173,Union,TN,20141,7771,42.4,61858,14.5
47177,Warren,TN,41587,16132,40,54088,15.1
47179,Washington,TN,134693,56234,40.3,61051,33.5
47183,Weakley,TN,32959,13274,37.9,49502,21.6
47185,White,TN,27764,11001,43.3,52206,14.2
47187,Williamson,TN,254609,90716,40.3,131202,61.8
47189,Wilson,TN,153587,56609,39.9,94048,37.2
48001,Anderson,TX,57825,17142,39.5,58846,14.5
48005,Angelina,TX,86791,32183,37.8,58847,18
48007,Aransas,TX,24449,11738,51,61754,27.6
48013,Atascosa,TX,50058,16635,36.1,69413,15.3
48015,Austin,TX,30712,12174,41.6,75994,23.4
48019,Bandera,TX,21589,8943,53.4,69703,25.5
48021,Bastrop,TX,102370,35164,37.5,82730,23.3
48025,Bee,TX,31000,8581,35.8,56075,11.4
48027,Bell,TX,379811,138557,32.1,66051,27.2
48029,Bexar,TX,2037344,740402,34.6,70571,31.5
48037,Bowie,TX,92321,34801,38.4,59295,22.1
48039,Brazoria,TX,381650,131184,36.5,95155,32.1
48041,Brazos,TX,237980,88415,26.8,58388,42.5
48049,Brown,TX,38294,14979,41.4,55305,19.9
48053,Burnet,TX,51064,19597,44.9,77158,28.7
48055,Caldwell,TX,47184,15741,38.2,68503,16.4
48061,Cameron,TX,423192,135435,32.4,51334,20.6
48067,Cass,TX,28582,11775,43.8,54328,17.6
48071,Chambers,TX,49178,16558,35.3,108114,23
48073,Cherokee,TX,51143,18085,38.2,59830,18.5
48085,Collin,TX,1116601,400182,37.3,117588,54.9
48089,Colorado,TX,20736,7577,43.8,68554,24
48091,Comal,TX,174552,67651,42,99015,42.2
48097,Cooke,TX,42473,16252,40.3,72472,23.6
48099,Coryell,TX,83772,26099,32.4,68904,18.7
48113,Dallas,TX,2603816,971690,34,74149,34.8
48121,Denton,TX,945644,346809,36.8,108185,48.4
48135,Ector,TX,163206,62422,31.3,71031,16.6
48139,Ellis,TX,203927,68852,36.3,95898,28.6
48141,El Paso,TX,866275,296341,33.3,58859,25.4
48143,Erath,TX,43244,16379,31.9,65351,32.5
48147,Fannin,TX,36525,12793,40.7,68377,20.2
48149,Fayette,TX,24783,9855,48.6,76541,27.2
48157,Fort Bend,TX,859721,281259,37.1,113409,49.3
48165,Gaines,TX,21904,7057,29.3,76605,8.1
48167,Galveston,TX,354721,138666,38.5,85348,34.3
48171,Gillespie,TX,27202,11272,50.5,67799,35.3
48179,Gray,TX,21131,7926,36.8,56082,15.4
48181,Grayson,TX,139988,53325,39.4,70455,23.7
48183,Gregg,TX,124860,47330,35.9,64809,22.4
48185,Grimes,TX,30385,10289,40.5,67080,19.5
48187,Guadalupe,TX,178368,62953,37.5,93776,30.9
48189,Hale,TX,32247,11034,34.1,52788,15.6
48199,Hardin,TX,57126,21750,39.3,72532,20.8
48201,Harris,TX,4758579,1728103,34.4,73104,33.7
48203,Harrison,TX,69584,25599,38.9,66040,22.5
48209,Hays,TX,256429,94499,33.9,85827,41.9
48213,Henderson,TX,83658,32597,43.8,63955,20.2
48215,Hidalgo,TX,880921,264128,30.3,52281,20.3
48217,Hill,TX,36664,13457,40.8,63147,18.5
48219,Hockley,TX,21455,8058,35.8,54810,18.3
48221,Hood,TX,64198,24988,46.3,86802,32.4
48223,Hopkins,TX,37351,13878,39.6,64725,20
48225,Houston,TX,22042,7795,44,54563,15.5
48227,Howard,TX,33127,11927,37,71457,15.3
48231,Hunt,TX,104917,37549,37.2,70112,21.9
48233,Hutchinson,TX,20413,6944,38.1,65470,16
48241,Jasper,TX,32807,13667,42.5,49919,12.6
48245,Jefferson,TX,253939,93646,37.1,59934,19.4
48249,Jim Wells,TX,38863,13298,35.5,47492,15.2
48251,Johnson,TX,188820,63477,37.2,81826,23.5
48257,Kaufman,TX,160718,49703,34.2,88606,25.3
48259,Kendall,TX,46971,17249,43.1,110498,49.1
48265,Kerr,TX,53166,22267,48.6,67927,31.2
48273,Kleberg,TX,30629,11794,29.3,57612,23.7
48277,Lamar,TX,50421,20056,40,61122,20.6
48281,Lampasas,TX,22267,8147,43.9,76919,21.6
48285,Lavaca,TX,20479,8370,43.1,61768,20.9
48291,Liberty,TX,97993,30009,33.3,64773,11.2
48293,Limestone,TX,22185,8318,42,58109,19.1
48299,Llano,TX,22011,10218,57.5,65636,33.1
48303,Lubbock,TX,314633,124045,31.7,63367,33.3
48309,McLennan,TX,263608,95966,34,63888,27.8
48321,Matagorda,TX,36274,14824,37.5,55174,22.8
48323,Maverick,TX,57770,18320,30.2,51270,15.3
48325,Medina,TX,52419,17479,39.6,73462,22.2
48329,Midland,TX,171496,67057,32.6,93984,30.9
48331,Milam,TX,25268,10049,41.6,59076,19.5
48337,Montague,TX,20599,8142,44,62818,17.8
48339,Montgomery,TX,654722,235474,37.2,97266,37.9
48341,Moore,TX,21234,7275,30.6,61325,12
48347,Nacogdoches,TX,64897,25114,31.8,51528,26.5
48349,Navarro,TX,53735,18484,37.4,59310,17.1
48355,Nueces,TX,352829,130770,36.8,66021,23.7
48361,Orange,TX,84993,31847,37.9,73372,17.8
48363,Palo Pinto,TX,28920,10951,41.1,64972,18.7
48365,Panola,TX,22624,8486,40.5,62593,17.9
48367,Parker,TX,158079,54237,39.3,102099,31.6
48373,Polk,TX,51780,18575,43.9,59066,13.4
48375,Potter,TX,116634,42363,35.1,50448,17.3
48381,Randall,TX,143791,55758,36.8,80905,32.1
48397,Rockwall,TX,116931,39513,37.6,124917,44
48401,Rusk,TX,52613,17963,38.8,67506,17.9
48407,San Jacinto,TX,27983,10480,45,59526,15.8
48409,San Patricio,TX,69519,24496,37.1,67512,17.2
48419,Shelby,TX,24108,9177,40,50436,13.7
48423,Smith,TX,238014,81690,37.4,71923,27.7
48427,Starr,TX,65809,18692,29.1,38182,13.3
48439,Tarrant,TX,2135743,769285,35.1,81905,34.5
48441,Taylor,TX,144259,54390,33,66406,29
48449,Titus,TX,31284,11011,34.7,59220,15.4
48451,Tom Green,TX,119398,46094,35.8,66254,25.1
48453,Travis,TX,1307625,561491,35.5,97169,55.5
48457,Tyler,TX,20084,7073,42.5,50647,12
48459,Upshur,TX,41864,15372,40.3,62794,17.5
48463,Uvalde,TX,24810,8422,34.6,57849,20.2
48465,Val Verde,TX,47647,16706,32.3,59673,21.3
48467,Van Zandt,TX,61323,22555,42.1,68274,18.2
48469,Victoria,TX,91281,34142,36.6,70101,19.7
48471,Walker,TX,78292,25180,37.1,49862,21.4
48473,Waller,TX,59455,17981,30.8,76135,26.6
48477,Washington,TX,36156,15277,40.9,75085,31
48479,Webb,TX,267731,79572,29.8,62506,20.9
48481,Wharton,TX,41651,15422,38.4,66100,19.2
48485,Wichita,TX,129842,48935,35,62168,24.8
48489,Willacy,TX,20218,5671,33.7,45645,12.2
48491,Williamson,TX,643889,241754,37.2,108309,47.4
48493,Wilson,TX,51501,17785,40.1,92461,26.3
48497,Wise,TX,72359,24581,40,89897,20.6
48499,Wood,TX,46094,18221,48.4,62524,22.3
49003,Box Elder,UT,59725,19150,32.9,77865,26.7
49005,Cache,UT,137031,43118,25.9,78292,40.4
49007,Carbon,UT,20446,8023,38.8,53673,18.4
49011,Davis,UT,366742,114674,32.3,108058,38.7
49021,Iron,UT,60201,19658,29.9,65527,30.3
49035,Salt Lake,UT,1184689,416589,33.8,94658,38.6
49039,Sanpete,UT,29209,8748,33.8,67459,23.2
49041,Sevier,UT,21854,7393,36.7,73765,23.1
49043,Summit,UT,42709,14477,41,137058,58.1
49045,Tooele,UT,76648,23050,32,101846,23.2
49047,Uintah,UT,36458,11940,33,69861,16.8
49049,Utah,UT,683622,195602,25.5,96877,43.8
49051,Wasatch,UT,35808,11985,36.1,115146,47.7
49053,Washington,UT,189827,66914,39,76411,33.3
49057,Weber,UT,266183,92353,33.5,87083,28
50001,Addison,VT,37497,14638,44,88478,43.5
50003,Bennington,VT,37312,14636,46.6,71494,41.2
50005,Caledonia,VT,30425,12877,45.6,66075,31.9
50007,Chittenden,VT,168831,70443,37,94310,55.8
50011,Franklin,VT,50379,19605,40.9,79078,28.8
50015,Lamoille,VT,26036,11424,41.2,69897,43.8
50017,Orange,VT,29594,12790,46.9,77328,36.5
50019,Orleans,VT,27492,11791,45.4,66426,28.6
50021,Rutland,VT,60484,25448,47.7,64778,33.5
50023,Washington,VT,59958,25474,43.7,79853,47
50025,Windham,VT,45913,19660,47.3,68021,42.4
50027,Windsor,VT,57968,24873,47.8,75247,41.9
51001,Accomack,VA,33326,14302,47.5,57500,21.8
51003,Albemarle,VA,113683,45064,39.8,102617,60.6
51009,Amherst,VA,31385,12702,43.3,67298,23
51013,Arlington,VA,235463,111530,35.5,140160,77.1
51015,Augusta,VA,77713,30644,44.9,79972,23.3
51019,Bedford,VA,80254,32698,47.1,77644,33.6
51023,Botetourt,VA,33875,13105,48.1,80467,27.5
51031,Campbell,VA,55398,22080,43.2,62608,25.7
51033,Caroline,VA,31541,11680,39.4,86267,23.2
51035,Carroll,VA,29158,12493,49,52575,16.7
51041,Chesterfield,VA,371610,136996,38.9,98910,42.7
51047,Culpeper,VA,53563,18584,39.3,96098,26.4
51053,Dinwiddie,VA,28083,10427,43.4,83898,20.5
51059,Fairfax,VA,1144474,412663,38.9,150113,64.3
51061,Fauquier,VA,73935,26266,40.8,129495,39.7
51065,Fluvanna,VA,27764,10251,43.3,91959,35.6
51067,Franklin,VA,54958,22484,48.5,68348,24.3
51069,Frederick,VA,93355,34338,40.6,95603,30.3
51073,Gloucester,VA,39228,15111,44.6,83689,25.9
51075,Goochland,VA,25613,10013,49.4,118695,47
51079,Greene,VA,20850,7912,40.8,85268,28.5
51083,Halifax,VA,33811,13673,46.7,49244,18.2
51085,Hanover,VA,111652,42012,42.3,109504,42.4
51087,Henrico,VA,334434,135599,39.4,86397,45.7
51089,Henry,VA,50365,20503,47.9,48445,15.7
51093,Isle of Wight,VA,39444,15426,44.2,96118,29.9
51095,James City,VA,80046,31351,47.2,107046,50.2
51099,King George,VA,27468,9877,38.3,110517,35.8
51105,Lee,VA,22042,8446,45.4,42269,12.7
51107,Loudoun,VA,427082,140823,37.8,178707,64
51109,Louisa,VA,39012,15211,44.8,80343,27.7
51117,Mecklenburg,VA,30431,13395,48.8,51691,21.2
51121,Montgomery,VA,99159,36731,30.2,70769,48.4
51127,New Kent,VA,24139,9034,43.4,120125,35.5
51137,Orange,VA,37208,14667,42,94175,29.4
51139,Page,VA,23750,9509,45.4,59396,15.2
51143,Pittsylvania,VA,60148,24633,48.3,54115,15.4
51145,Powhatan,VA,31074,11151,45.3,110667,34.2
51147,Prince Edward,VA,21932,7560,32.4,55082,24.2
51149,Prince George,VA,42873,12718,33.4,88225,24
51153,Prince William,VA,484625,154609,36,128873,44.5
51155,Pulaski,VA,33771,14386,46.9,60767,21.4
51161,Roanoke,VA,96793,39231,43.7,82931,37.4
51163,Rockbridge,VA,22578,9552,49.7,63975,31.5
51165,Rockingham,VA,84739,32048,40.3,78468,28.4
51167,Russell,VA,25635,10470,46.5,49020,14.1
51169,Scott,VA,21504,8951,47.6,45136,14.2
51171,Shenandoah,VA,44630,17782,42.9,64437,21.4
51173,Smyth,VA,29585,12530,46.2,46859,18.1
51177,Spotsylvania,VA,143876,51289,38.3,109576,33.8
51179,Stafford,VA,160520,51309,36.3,133792,43.3
51185,Tazewell,VA,39933,15951,45,45788,16.4
51187,Warren,VA,41104,15357,40.5,84331,24.5
51191,Washington,VA,53913,22118,46.9,62774,26.5
51195,Wise,VA,35727,14055,42.1,50740,15.6
51197,Wythe,VA,28219,12396,45.9,55359,19.7
51199,York,VA,70590,26445,39.8,108326,50
51510,Alexandria,VA,156788,75349,37.5,113638,65.8
51540,Charlottesville,VA,45863,19699,32.9,69829,60.6
51550,Chesapeake,VA,251153,92361,37.7,94189,36.4
51590,Danville,VA,42239,18632,40.8,42778,18.3
51600,Fairfax,VA,24478,9158,37.3,132774,62.3
51630,Fredericksburg,VA,28383,11443,31,85368,46.8
51650,Hampton,VA,137334,57740,36.5,67758,27.5
51660,Harrisonburg,VA,51492,17331,25.4,59752,36.7
51670,Hopewell,VA,22944,9418,36.4,48681,12.5
51680,Lynchburg,VA,79255,28687,28.4,59808,38.5
51683,Manassas,VA,42674,14041,34.7,117919,33.2
51700,Newport News,VA,184774,75798,34.2,66718,29.1
51710,Norfolk,VA,235037,94457,32.4,64017,32.7
51730,Petersburg,VA,33365,14854,35.8,50741,25
51740,Portsmouth,VA,97299,39678,35.8,58972,23.2
51760,Richmond,VA,227595,102145,34.5,62671,44.1
51770,Roanoke,VA,98677,43429,38,52671,28.9
51775,Salem,VA,25477,10140,40.3,66716,31.1
51790,Staunton,VA,25765,11356,41,62586,35.1
51800,Suffolk,VA,96638,37133,38.7,90089,32.4
51810,Virginia Beach,VA,457066,179800,37.4,90685,40.4
51820,Waynesboro,VA,22574,9620,38.9,56364,26.3
51840,Winchester,VA,27981,11255,36.7,64648,31.6
53001,Adams,WA,20690,6301,29.2,65042,15.4
53003,Asotin,WA,22424,9438,45.5,69107,24.3
53005,Benton,WA,210224,76696,36.2,87316,33
53007,Chelan,WA,79518,30825,40.4,78306,30.2
53009,Clallam,WA,77593,34377,51.8,67999,30.7
53011,Clark,WA,510516,193387,38.9,94948,33
53015,Cowlitz,WA,111539,43409,41.1,72932,17
53017,Douglas,WA,43733,15708,38.4,80374,21.9
53021,Franklin,WA,97676,29118,30.8,82755,20.4
53025,Grant,WA,100428,34502,33.5,71115,18.2
53027,Grays Harbor,WA,76397,29982,44.7,63539,17.6
53029,Island,WA,86747,35529,44.5,88358,35.7
53031,Jefferson,WA,33313,16156,59.5,71143,43.3
53033,King,WA,2262713,927817,37.3,122148,55.9
53035,Kitsap,WA,276581,107264,39.9,98546,36.5
53037,Kittitas,WA,44736,19601,37.9,69928,35.3
53039,Klickitat,WA,23082,9774,47.5,70400,31.2
53041,Lewis,WA,83925,32314,42.4,69690,20.2
53045,Mason,WA,66968,25373,44.8,78359,22
53047,Okanogan,WA,42811,17208,43.4,60293,24
53049,Pacific,WA,23750,10757,54.9,62350,23.4
53053,Pierce,WA,924106,346708,36.8,96632,30.1
53057,Skagit,WA,130407,51518,41.9,85474,29.1
53061,Snohomish,WA,834648,311825,38.4,107982,36.8
53063,Spokane,WA,544323,215879,38.2,73513,32.1
53065,Stevens,WA,47470,18983,46.8,67405,21.8
53067,Thurston,WA,296640,117172,39.8,93985,37.2
53071,Walla Walla,WA,62102,23390,38.3,72212,30.1
53073,Whatcom,WA,228432,92411,38.2,80989,38.1
53075,Whitman,WA,47042,17952,26.1,52893,50.2
53077,Yakima,WA,256605,86689,33.2,68015,18.9
54003,Berkeley,WV,126165,49384,38.7,77329,24.3
54005,Boone,WV,21312,7894,45,56152,11.9
54009,Brooke,WV,22053,9437,46.6,52116,21.9
54011,Cabell,WV,93300,39138,39.3,52828,32.4
54019,Fayette,WV,39987,16109,44.5,52672,16.1
54025,Greenbrier,WV,32688,14710,46.5,48662,22.1
54027,Hampshire,WV,23340,8354,48.1,60299,16.3
54029,Hancock,WV,28658,12891,46.8,61017,20.2
54033,Harrison,WV,65407,26020,42.3,58326,25.9
54035,Jackson,WV,27753,11317,43.3,55671,19.4
54037,Jefferson,WV,58546,21978,41,95523,33.7
54039,Kanawha,WV,178198,76806,43.7,58887,29.3
54043,Lincoln,WV,20170,7811,44,48593,8.4
54045,Logan,WV,31826,12396,44.1,47237,13.8
54049,Marion,WV,56042,22965,40.4,67537,25.8
54051,Marshall,WV,30129,12489,46.2,60329,19.1
54053,Mason,WV,25214,10281,44.2,53454,16.2
54055,Mercer,WV,59062,24413,43.3,47799,20.7
54057,Mineral,WV,26922,10698,44.6,68049,22.8
54059,Mingo,WV,22979,9013,44.3,39527,8.3
54061,Monongalia,WV,106520,44361,32.5,62704,47.9
54067,Nicholas,WV,24446,9595,46,49280,19
54069,Ohio,WV,41904,18132,42.8,57867,32.5
54077,Preston,WV,34204,12797,43.2,61373,17.9
54079,Putnam,WV,57250,22765,42.3,77871,28.4
54081,Raleigh,WV,73666,29062,42.8,52055,21.6
54083,Randolph,WV,27782,10385,44.2,55057,19
54097,Upshur,WV,23758,9588,42,51859,17.4
54099,Wayne,WV,38498,15550,44.5,55539,17.7
54107,Wood,WV,83829,35706,43.9,56193,22.9
54109,Wyoming,WV,20948,7926,45.3,48038,12
55001,Adams,WI,20928,9351,55.5,59153,17.3
55005,Barron,WI,46741,19613,44.8,64619,22.3
55009,Brown,WI,269425,110248,37.9,77490,32.4
55015,Calumet,WI,52626,20975,41.7,87700,32.5
55017,Chippewa,WI,66558,26567,41.7,74009,24.1
55019,Clark,WI,34736,12692,37,66250,13.4
55021,Columbia,WI,58322,24231,43.3,82792,25.7
55025,Dane,WI,564777,245736,35.6,88108,54.4
55027,Dodge,WI,88818,35723,42.9,73992,19.9
55029,Door,WI,30279,14377,54.1,71785,37.1
55031,Douglas,WI,44197,18947,42.8,72579,27.8
55033,Dunn,WI,45349,17369,35.8,71785,29.2
55035,Eau Claire,WI,106328,43261,35.8,71834,35.7
55039,Fond du Lac,WI,104053,43016,41.9,73154,22.6
55043,Grant,WI,51678,19913,36.9,64349,24.6
55045,Green,WI,37036,15609,43.1,80248,27
55049,Iowa,WI,23832,9951,43.7,83372,28.5
55053,Jackson,WI,20971,8198,42.6,65508,16.3
55055,Jefferson,WI,85867,34455,41.3,80604,28.1
55057,Juneau,WI,26695,10793,45.9,65150,16.3
55059,Kenosha,WI,168413,67631,39.2,79412,30.8
55061,Kewaunee,WI,20621,8299,44.4,80085,20.6
55063,La Crosse,WI,120262,50543,37.1,70704,36.1
55069,Lincoln,WI,28403,12578,49.2,67726,19.4
55071,Manitowoc,WI,81314,35033,45,68611,22.2
55073,Marathon,WI,138067,56873,41.2,76185,27.3
55075,Marinette,WI,41907,18640,48.8,63401,19.5
55079,Milwaukee,WI,927656,389046,35.4,62118,33.9
55081,Monroe,WI,46169,18279,39.6,68213,20
55083,Oconto,WI,39329,16618,47.4,75886,18.7
55085,Oneida,WI,38007,16772,52.2,69621,28.4
55087,Outagamie,WI,191537,77239,38.7,82857,32
55089,Ozaukee,WI,92345,37766,44,96734,50.4
55093,Pierce,WI,42351,15765,38.4,88802,32
55095,Polk,WI,45327,18829,46.5,76208,23.7
55097,Portage,WI,70375,29636,38.1,73284,33.7
55101,Racine,WI,196888,79109,40.5,75331,28
55105,Rock,WI,163944,66652,40.1,74390,25.7
55109,St. Croix,WI,94819,36729,39.8,102482,39.4
55111,Sauk,WI,65759,27425,41.3,77648,26.5
55115,Shawano,WI,40927,16881,45.5,67032,18.7
55117,Sheboygan,WI,117783,49426,41.8,71898,27.3
55121,Trempealeau,WI,30786,12448,39.8,71295,20.2
55123,Vernon,WI,30915,12186,41.5,69556,24.8
55125,Vilas,WI,23410,10873,55.5,67132,30.5
55127,Walworth,WI,105447,42425,41.1,77359,32.3
55131,Washington,WI,137320,56482,43.5,95851,34.8
55133,Waukesha,WI,409040,166790,43.3,104100,47.9
55135,Waupaca,WI,51714,22394,45.4,71189,20.2
55137,Waushara,WI,24752,10333,49.9,64968,17.4
55139,Winnebago,WI,171357,71958,38.4,72873,31
55141,Wood,WI,74039,31942,43.9,66417,21.4
56001,Albany,WY,37713,16609,28.7,59881,55.5
56005,Campbell,WY,47018,17879,35.8,95253,22.2
56013,Fremont,WY,39472,14810,39.4,64646,25.3
56021,Laramie,WY,100661,42503,38.2,77884,32
56023,Lincoln,WY,20158,7872,41.2,86092,24.1
56025,Natrona,WY,79735,33285,38.2,71247,27.4
56029,Park,WY,30109,13179,44.8,70533,35
56033,Sheridan,WY,31585,13515,42.9,70855,33.4
56037,Sweetwater,WY,41786,16863,37.4,76464,20.4
56039,Teton,WY,23358,9383,40.1,112681,61.2
56041,Uinta,WY,20605,7479,36.7,82672,21.3
