fips,establishments,food_services,grocery
01001,968,94,15
01003,6409,577,106
01005,412,41,7
01007,313,15,9
01009,777,61,12
01015,2232,220,45
01017,572,50,9
01019,391,30,6
01021,806,55,16
01025,581,48,7
01031,1022,112,16
01033,1268,103,29
01039,864,66,17
01043,1867,135,29
01045,716,70,18
01047,651,45,14
01049,1165,88,29
01051,1305,121,20
01053,755,59,10
01055,1954,180,33
01059,539,41,21
01061,424,30,16
01069,2859,252,46
01071,876,68,18
01073,16989,1446,276
01077,2053,202,34
01079,408,41,4
01081,3377,397,50
01083,1629,118,25
01089,9295,846,128
01093,546,47,18
01095,2010,184,45
01097,8960,688,183
01101,5584,469,97
01103,2684,194,49
01109,650,77,9
01111,364,25,5
01113,850,89,20
01115,1454,115,28
01117,5610,417,79
01121,1256,104,20
01123,823,69,14
01125,4189,443,79
01127,1251,94,24
01133,412,24,8
02020,8799,696,87
02090,2576,219,29
02110,1100,88,17
02122,2405,210,39
02170,2822,209,26
04001,442,37,13
04003,2189,219,40
04005,3955,437,56
04007,1065,118,13
04009,574,61,12
04013,109863,8992,1109
04015,4305,391,53
04017,1860,187,24
04019,21381,1862,265
04021,4723,391,67
04023,1129,85,15
04025,6559,517,76
04027,3376,318,53
05005,1125,85,23
05007,7788,542,91
05009,916,63,14
05015,722,84,16
05019,540,47,11
05023,601,52,7
05027,535,39,10
05029,417,28,13
05031,2788,247,29
05033,1130,90,13
05035,844,72,22
05045,2990,245,18
05051,2953,263,60
05055,842,75,14
05059,513,41,6
05063,810,65,14
05069,1199,100,40
05071,413,38,0
05083,360,27,4
05085,1175,94,14
05091,730,59,20
05093,737,72,20
05103,465,29,13
05111,333,32,12
05115,1601,129,13
05119,12185,968,189
05123,404,31,10
05125,2389,189,27
05131,3398,291,50
05139,1036,69,15
05143,6281,628,80
05145,1637,147,18
05149,323,20,7
06001,42318,4119,806
06005,868,94,22
06007,4677,419,114
06009,986,97,21
06011,417,34,18
06013,25932,2186,441
06015,431,36,12
06017,5005,443,75
06019,19144,1730,531
06021,514,47,21
06023,3178,337,77
06025,2677,239,60
06029,14352,1459,397
06031,1821,209,77
06033,1089,109,35
06035,394,33,12
06037,304988,23693,4857
06039,2366,221,67
06041,10049,654,142
06045,2432,231,66
06047,3592,372,107
06053,9212,905,262
06055,4486,345,124
06057,3323,225,58
06059,106961,8407,1362
06061,12180,1000,144
06065,46244,4308,877
06067,34280,3267,680
06069,1168,112,22
06071,42571,3955,870
06073,93407,7761,1517
06075,33378,3920,655
06077,13638,1294,368
06079,8962,871,180
06081,21569,2021,330
06083,12484,1108,314
06085,49154,4820,752
06087,7136,630,149
06089,4508,355,67
06093,1070,97,34
06095,7755,793,175
06097,14572,1204,327
06099,10013,1013,279
06101,2243,178,51
06103,999,101,29
06107,7189,705,229
06109,1266,123,21
06111,22992,1694,442
06113,4509,418,88
06115,915,89,36
08001,11319,876,260
08005,20137,1454,317
08013,12990,877,157
08014,2337,176,25
08029,878,64,22
08031,27422,2319,408
08035,10563,645,108
08037,3664,249,45
08039,722,33,6
08041,18852,1493,294
08043,938,82,20
08045,2705,171,36
08059,17999,1273,263
08067,2447,187,36
08069,11764,876,162
08075,559,36,12
08077,4827,320,69
08083,759,60,17
08085,1501,91,19
08087,711,51,17
08101,3250,327,70
08107,1860,129,26
08117,2306,245,42
08119,824,57,18
08123,7454,525,115
09110,23642,2240,659
09120,6941,696,192
09130,4489,452,124
09140,9114,884,293
09150,1751,179,59
09160,2909,252,70
09170,13779,1432,407
09180,5883,702,193
09190,19955,1774,442
10001,4971,339,95
10003,17855,1264,376
10005,6411,626,168
11001,23801,2686,563
12001,6721,599,115
12003,461,36,12
12005,5306,474,96
12007,460,37,10
12009,15510,1203,249
12011,68191,4278,1077
12015,4601,296,69
12017,3063,208,50
12019,4455,338,66
12021,14541,920,166
12023,1492,115,23
12027,566,31,20
12031,28342,2197,560
12033,7650,618,150
12035,2698,198,25
12039,734,42,21
12049,436,27,13
12051,772,62,31
12053,3874,297,67
12055,2138,138,41
12057,42977,2748,686
12061,4820,292,78
12063,799,67,26
12069,8849,646,131
12071,22756,1482,311
12073,8163,699,96
12075,886,80,25
12081,11176,749,155
12083,8389,523,123
12085,6400,447,95
12086,98394,6089,1599
12087,4154,433,76
12089,2261,181,35
12091,6011,556,85
12093,922,51,32
12095,45588,3592,594
12097,8617,770,143
12099,55803,3194,812
12101,11975,878,212
12103,32509,2346,538
12105,13992,998,271
12107,1331,101,32
12109,8633,691,108
12111,7292,503,152
12113,3442,268,44
12115,15989,1020,203
12117,14897,994,190
12119,2081,178,41
12121,755,57,17
12123,435,36,14
12127,14367,1205,248
12129,509,43,13
12131,3348,297,35
12133,445,35,10
13009,862,110,34
13013,1543,127,33
13015,2439,195,55
13021,4147,411,127
13029,867,81,21
13031,1704,147,34
13033,382,29,11
13035,441,43,10
13039,947,98,18
13045,2358,221,53
13047,1044,102,21
13051,9037,954,217
13055,319,26,17
13057,6550,466,95
13059,3307,362,76
13063,4115,414,141
13067,22148,1644,309
13069,871,65,23
13071,951,62,36
13073,2943,272,43
13077,3020,236,55
13085,921,86,17
13087,626,47,22
13089,18258,1635,451
13095,2220,196,76
13097,2875,240,50
13103,987,78,11
13107,413,37,12
13111,740,73,14
13113,3995,306,43
13115,2128,174,65
13117,8253,435,90
13119,515,56,12
13121,40949,3585,535
13123,707,73,18
13127,2787,267,83
13129,1097,79,30
13131,451,30,9
13135,27653,2271,427
13137,951,75,23
13139,5181,368,92
13143,519,45,11
13145,501,34,14
13147,491,39,6
13151,4528,430,74
13153,2832,348,97
13157,1673,109,31
13169,354,25,6
13175,1106,93,30
13177,440,29,5
13179,921,114,24
13185,2872,246,80
13187,603,54,14
13189,452,41,13
13195,425,26,6
13199,318,25,25
13205,360,29,11
13207,604,32,16
13211,573,48,12
13213,430,38,12
13215,4510,475,146
13217,1639,140,39
13219,1458,92,12
13223,2423,186,34
13225,504,57,21
13227,809,58,14
13233,670,71,32
13237,546,30,18
13245,4279,417,94
13247,2256,189,53
13255,1240,108,48
13257,539,38,20
13261,624,53,28
13267,322,19,10
13275,1220,95,34
13277,1082,100,38
13279,704,65,14
13285,1580,140,64
13291,666,43,9
13293,472,42,17
13295,756,57,24
13297,2000,136,30
13299,890,77,25
13305,639,53,14
13311,733,75,12
13313,2373,186,76
13321,288,17,4
15001,4400,463,84
15003,20890,2517,448
15007,2281,255,36
15009,5000,468,80
16001,17028,1182,137
16005,2353,187,27
16011,1020,55,13
16013,1688,112,12
16017,1833,119,23
16019,4197,261,29
16027,5933,350,55
16031,773,64,8
16039,477,60,9
16051,739,39,3
16053,634,30,9
16055,6221,445,69
16057,1046,115,17
16065,1113,72,9
16067,491,25,3
16069,1213,98,14
16075,619,38,8
16083,3026,221,29
17001,1787,146,21
17007,890,78,17
17011,699,74,12
17019,4237,548,72
17021,709,80,14
17027,913,82,17
17029,1112,118,14
17031,134513,12246,2776
17037,1975,199,32
17043,34121,2242,451
17049,1263,98,23
17051,477,37,10
17055,696,82,15
17057,596,67,14
17063,1202,131,18
17073,1037,100,14
17075,625,49,13
17077,1196,134,24
17081,882,76,16
17083,404,49,6
17085,673,70,15
17089,13537,1055,214
17091,2268,237,46
17093,2548,234,38
17095,968,116,20
17097,20076,1534,306
17099,2523,301,48
17103,690,76,10
17105,826,73,17
17107,536,59,12
17109,611,67,13
17111,8140,644,123
17113,3481,370,63
17115,2241,218,51
17117,813,87,11
17119,5659,594,113
17121,863,83,12
17133,875,79,10
17135,676,66,11
17137,759,74,11
17141,1053,100,15
17143,4168,440,81
17145,378,35,5
17157,636,71,10
17161,2992,348,59
17163,4973,508,96
17165,538,42,11
17167,4925,530,76
17173,422,39,9
17177,1003,79,21
17179,2772,266,32
17183,1300,134,29
17195,1158,129,26
17197,17085,1303,261
17199,1597,147,21
17201,6286,607,117
17203,793,58,10
18001,768,48,12
18003,9696,768,125
18005,1950,150,28
18011,1873,141,23
18015,405,36,10
18017,658,71,16
18019,2727,225,30
18021,492,48,9
18023,630,51,12
18027,960,55,14
18029,988,79,18
18031,652,50,11
18033,1034,85,11
18035,2314,214,43
18037,1313,102,24
18039,5211,372,78
18041,409,42,6
18043,1926,165,23
18047,454,44,14
18049,465,42,15
18051,728,62,12
18053,1261,121,24
18055,572,47,10
18057,10446,770,92
18059,1634,122,17
18061,669,49,9
18063,3860,355,38
18065,833,69,18
18067,1813,200,42
18069,912,71,11
18071,999,91,22
18073,790,52,16
18075,411,24,5
18077,677,66,13
18079,488,30,11
18081,3779,336,38
18083,873,68,11
18085,2039,159,28
18087,977,46,14
18089,10566,1070,222
18091,2297,230,39
18093,909,50,15
18095,2353,220,51
18097,24248,2220,449
18099,1108,83,15
18103,584,56,12
18105,3095,338,49
18107,882,79,11
18109,1248,93,14
18113,921,68,17
18119,344,27,5
18127,3734,340,58
18129,538,35,6
18133,747,64,10
18135,490,39,12
18137,667,47,16
18141,5959,569,116
18143,401,27,10
18145,951,81,11
18149,319,28,12
18151,965,77,13
18153,325,31,9
18157,3857,421,72
18163,5102,454,73
18167,2473,248,33
18169,747,61,8
18173,1270,95,9
18175,449,32,11
18177,1453,137,33
18179,658,39,6
18181,589,48,12
18183,699,52,10
19011,535,34,7
19013,3105,278,69
19015,603,40,5
19017,552,43,7
19019,490,32,5
19021,491,32,8
19027,827,56,6
19033,1357,115,23
19045,1122,106,19
19049,2521,194,25
19057,1065,90,13
19061,2804,207,29
19087,482,29,4
19099,767,56,13
19103,3490,389,47
19105,514,38,6
19111,786,72,8
19113,5744,505,64
19123,538,41,7
19125,859,72,14
19127,786,66,13
19139,949,95,13
19149,667,43,5
19153,13890,1157,154
19155,1920,171,24
19163,4525,464,62
19167,1345,62,15
19169,2162,218,25
19179,699,62,10
19181,1020,73,8
19183,687,40,8
19187,997,71,13
19193,2622,238,38
20009,866,46,12
20015,1396,105,17
20035,719,59,17
20037,901,88,16
20045,2774,302,49
20051,1110,95,15
20055,1044,82,24
20057,803,74,12
20059,533,49,9
20061,566,62,8
20079,778,59,15
20091,18999,1250,251
20103,1332,115,31
20111,839,91,18
20113,876,62,15
20121,777,51,13
20125,705,63,14
20149,703,45,20
20155,1590,124,28
20161,1620,154,26
20169,1489,132,19
20173,12710,1145,222
20175,556,44,9
20177,3959,341,74
20191,483,37,8
20209,3141,274,84
21003,256,19,6
21005,352,35,4
21009,853,83,20
21013,436,51,15
21015,3163,287,44
21017,382,26,4
21019,1169,126,23
21021,780,69,13
21027,283,16,9
21029,1308,95,24
21035,906,80,8
21037,1743,251,47
21043,389,33,10
21047,1290,122,31
21049,784,64,12
21051,229,15,8
21059,2385,178,42
21067,9295,813,149
21071,700,44,23
21073,1278,117,22
21081,386,39,7
21083,668,45,13
21085,431,33,8
21089,466,39,15
21093,2253,209,33
21095,370,30,17
21101,966,81,14
21107,882,64,19
21111,20164,1741,437
21113,1353,83,13
21115,351,31,5
21117,3297,319,75
21121,449,37,16
21125,1272,82,26
21133,277,23,9
21137,304,17,8
21141,486,33,13
21145,2061,197,30
21151,1808,140,22
21157,734,51,10
21163,362,40,7
21167,359,27,8
21173,560,36,15
21177,537,52,16
21179,1023,68,20
21183,371,23,10
21185,1404,89,12
21193,556,37,13
21195,1109,92,25
21199,1454,97,26
21205,532,51,5
21209,1058,97,15
21211,1129,74,19
21217,631,41,11
21227,3076,282,56
21235,629,62,26
21239,618,45,11
22001,1150,85,28
22003,310,22,8
22005,2626,238,46
22007,249,11,7
22009,692,46,20
22011,643,42,8
22015,2649,255,49
22017,6086,466,113
22019,4705,402,80
22031,458,25,9
22033,12542,1065,253
22039,494,23,17
22043,198,8,6
22045,1451,103,34
22047,539,38,16
22051,11728,1095,173
22053,633,49,12
22055,8844,669,121
22057,1685,152,29
22061,1155,106,12
22063,2104,212,33
22067,439,23,9
22069,835,81,15
22071,10027,1504,212
22073,4181,277,75
22075,644,52,9
22077,363,41,14
22079,3172,238,44
22085,476,24,12
22087,705,91,25
22089,1032,74,14
22095,658,54,17
22097,1559,97,44
22099,911,64,24
22101,1083,72,27
22103,7101,650,82
22105,2617,268,45
22109,2598,201,41
22111,365,19,6
22113,969,73,26
22115,662,64,8
22117,655,55,22
22119,772,59,24
22121,594,53,11
23001,2877,226,60
23003,1903,119,47
23005,12242,980,177
23007,878,82,23
23009,2397,236,55
23011,3318,265,57
23013,1823,118,44
23015,1383,114,34
23017,1381,95,18
23019,4222,277,74
23023,1011,73,16
23025,1211,87,28
23027,1003,70,20
23029,845,57,19
23031,5914,588,115
24001,1430,146,34
24003,14718,1240,323
24005,20340,1753,522
24009,1725,150,50
24011,634,35,19
24013,4279,289,91
24015,1776,155,58
24017,2793,268,96
24019,687,53,20
24021,6591,498,129
24023,951,73,19
24025,5636,420,127
24027,10050,660,164
24031,27677,1925,534
24033,16350,1474,594
24035,1421,93,21
24037,2090,199,59
24039,360,20,14
24041,1468,104,37
24043,3417,297,94
24045,2495,194,54
24047,2256,390,78
24510,12383,1446,668
25001,8957,882,272
25003,3749,390,96
25005,13221,1263,411
25007,1251,129,30
25009,19988,1832,617
25011,1549,144,51
25013,9339,858,358
25015,3491,358,97
25017,44624,3854,1059
25021,20745,1694,451
25023,13421,1133,387
25025,22034,2668,778
25027,19181,1748,538
26005,2571,186,48
26007,822,61,18
26009,625,51,17
26015,965,69,22
26017,2044,193,59
26021,3561,338,81
26023,833,68,13
26025,2482,222,65
26027,777,58,19
26029,891,81,25
26031,770,79,25
26033,778,79,16
26035,607,68,19
26037,1406,98,25
26041,991,81,19
26043,806,67,11
26045,2182,214,41
26047,1577,121,29
26049,7733,699,208
26051,433,40,18
26055,3549,246,62
26057,725,64,19
26059,776,59,11
26061,891,89,13
26063,933,86,13
26065,6160,577,145
26067,904,85,20
26069,623,58,18
26073,1423,148,25
26075,2991,245,71
26077,5704,517,138
26081,17799,1374,291
26087,1771,127,31
26089,796,67,23
26091,1808,177,34
26093,4495,311,59
26099,19593,1756,442
26101,574,46,8
26103,1655,157,28
26105,738,68,15
26107,727,73,15
26109,435,40,8
26111,1795,156,30
26115,2395,251,59
26117,1058,82,23
26121,3147,310,74
26123,829,63,14
26125,39792,2945,610
26127,468,46,16
26129,567,56,12
26133,441,34,7
26137,846,61,7
26139,6865,431,95
26143,551,63,18
26145,4092,383,112
26147,3080,265,76
26149,1149,95,25
26151,848,74,21
26155,1202,111,21
26157,842,68,19
26159,1327,139,43
26161,8322,795,177
26163,33699,3509,1167
26165,910,76,21
27003,8438,526,112
27005,956,52,21
27007,1250,87,21
27009,975,54,13
27013,1992,157,22
27015,786,58,11
27017,708,50,15
27019,2714,189,38
27021,891,68,22
27025,1358,83,22
27027,1306,93,20
27035,2283,171,39
27037,10964,711,157
27039,427,27,5
27041,1394,93,21
27045,577,45,14
27047,755,67,20
27049,1294,89,26
27053,40486,2832,524
27057,630,48,20
27059,1004,57,13
27061,1175,77,30
27067,1416,75,16
27079,722,41,15
27083,814,53,13
27085,956,61,14
27093,606,35,14
27095,742,60,15
27097,933,75,23
27099,800,64,22
27103,685,54,10
27105,574,36,16
27109,3754,346,55
27111,1730,127,38
27115,627,57,9
27119,733,56,14
27123,13677,1204,251
27131,1600,119,27
27137,5360,421,91
27139,3655,234,42
27141,2251,108,27
27145,4474,355,79
27147,1024,71,15
27153,579,39,13
27157,556,54,12
27163,6542,443,90
27169,1145,118,18
27171,3680,214,51
28001,713,59,13
28003,766,66,23
28011,709,63,22
28027,505,36,17
28029,440,38,9
28033,3349,376,87
28035,1741,177,53
28039,349,37,3
28043,532,46,8
28045,850,115,20
28047,4368,497,93
28049,4878,418,92
28057,400,33,9
28059,2358,253,56
28067,1306,124,34
28071,1435,186,28
28073,1505,138,31
28075,1754,151,36
28079,320,27,4
28081,2550,225,67
28083,653,51,29
28085,810,65,14
28087,1440,122,35
28089,3489,293,75
28091,560,45,11
28093,475,32,13
28095,600,50,12
28099,495,42,11
28101,315,24,10
28105,978,123,22
28107,579,43,14
28109,894,96,8
28113,879,82,18
28115,540,44,18
28117,482,42,10
28121,4083,350,34
28123,458,43,12
28127,444,35,12
28133,406,35,11
28137,389,50,7
28139,382,33,7
28145,536,44,15
28149,942,86,14
28151,1011,66,18
28163,359,29,11
29001,606,54,6
29007,470,33,5
29009,775,61,14
29019,4725,422,56
29021,2027,189,27
29023,1030,97,14
29027,782,59,9
29029,1566,147,16
29031,2334,213,26
29037,2148,174,28
29043,2098,132,23
29047,5654,466,64
29049,392,20,6
29051,2224,167,19
29055,496,32,11
29069,606,59,14
29071,2702,197,28
29077,8676,786,79
29083,593,48,7
29091,1076,69,14
29095,18212,1590,249
29097,2828,276,41
29099,3956,296,45
29101,951,89,15
29105,729,56,13
29107,732,60,8
29109,689,53,6
29113,1010,64,13
29119,312,24,13
29127,797,69,6
29131,714,60,8
29141,545,56,17
29145,1251,92,29
29147,491,44,3
29159,1004,70,13
29161,1050,97,12
29165,2659,228,34
29167,600,47,7
29169,653,84,10
29175,551,47,10
29177,360,23,6
29183,8946,834,97
29187,1438,125,19
29189,29717,2100,388
29195,451,36,12
29201,970,74,13
29207,644,48,8
29209,736,59,10
29213,1928,208,36
29215,433,27,9
29219,654,44,8
29221,371,15,4
29225,743,46,8
29510,8468,1002,152
30013,2472,213,26
30029,5092,327,41
30031,6828,413,53
30047,991,81,16
30049,2603,173,25
30053,671,59,15
30063,4816,313,38
30081,1715,83,24
30093,1208,115,14
30111,6060,427,44
31001,989,81,8
31019,1777,142,13
31025,615,39,6
31043,427,47,8
31047,672,56,10
31053,992,88,19
31055,16710,1476,181
31067,637,38,13
31079,1857,141,21
31109,8999,716,102
31111,1018,78,17
31119,1232,88,19
31141,1033,76,10
31153,4106,324,28
31155,604,42,9
31157,1017,91,10
31177,666,34,4
32001,485,48,9
32003,54202,5457,742
32005,1714,115,21
32007,1185,116,26
32019,874,82,17
32023,862,80,9
32031,14199,1160,205
32510,1962,154,31
33001,1905,193,30
33003,1896,196,50
33005,2001,149,45
33007,809,61,20
33009,2920,303,63
33011,11028,899,184
33013,4213,325,60
33015,10266,862,165
33017,2729,276,57
33019,956,60,19
34001,6192,729,208
34003,31818,2732,695
34005,10703,854,272
34007,11541,1053,386
34009,3816,661,118
34011,2826,236,112
34013,19392,1768,730
34015,6298,580,177
34017,14119,1685,645
34019,3672,289,76
34021,9683,844,291
34023,22314,1788,599
34025,19883,1878,498
34027,16518,1348,297
34029,15020,1261,378
34031,12406,1083,496
34033,1137,97,45
34035,9831,780,189
34037,3184,264,88
34039,14276,1310,444
34041,2286,217,68
35001,16349,1480,168
35005,1342,122,17
35006,288,33,5
35009,1018,93,11
35013,3798,326,36
35015,1551,112,12
35017,533,54,8
35025,1730,140,19
35027,695,66,8
35029,371,40,10
35031,940,107,21
35035,988,83,11
35039,541,45,12
35043,1928,169,22
35045,2475,200,26
35047,417,48,3
35049,4976,400,69
35055,1083,104,20
35061,962,86,11
36001,9465,932,249
36003,731,76,21
36005,18674,1953,1823
36007,4001,475,110
36009,1501,167,40
36011,1509,149,33
36013,2695,302,67
36015,1647,177,40
36017,857,88,27
36019,1701,167,35
36021,1819,170,50
36023,981,114,29
36025,1114,119,29
36027,7677,807,221
36029,22497,2204,666
36031,1186,133,36
36033,922,88,25
36035,1119,107,27
36037,1255,118,24
36039,1203,157,43
36043,1124,134,20
36045,2348,264,55
36047,62317,6398,3620
36049,506,54,14
36051,1202,119,28
36053,1328,140,34
36055,17484,1643,440
36057,1064,101,32
36059,48718,3832,1237
36061,93904,9647,2157
36063,4475,456,115
36065,4713,537,138
36067,11166,1050,293
36069,2895,304,42
36071,10467,992,305
36073,662,61,12
36075,2093,234,38
36077,1295,144,33
36079,2868,212,74
36081,51188,5723,2571
36083,2985,364,88
36085,9684,918,447
36087,11094,827,266
36089,1826,215,62
36091,5488,523,95
36093,2911,332,110
36095,576,58,13
36099,689,63,17
36101,1749,180,52
36103,50748,3920,1321
36105,2061,185,86
36107,743,72,20
36109,2230,236,53
36111,5065,554,138
36113,2164,253,53
36115,1065,95,20
36117,1673,150,34
36119,31174,2631,873
36121,754,65,24
36123,542,42,19
37001,3652,348,61
37003,598,41,7
37007,380,34,7
37009,571,52,18
37013,1138,83,24
37017,540,45,16
37019,3093,339,64
37021,9863,868,132
37023,1540,145,35
37025,5279,467,68
37027,1414,129,23
37031,2249,237,39
37033,242,11,11
37035,4349,361,67
37037,1719,114,30
37039,649,62,12
37045,2028,167,43
37047,997,85,29
37049,2224,203,45
37051,5947,726,111
37053,766,89,24
37055,2079,271,61
37057,2994,249,62
37059,877,59,10
37061,870,69,25
37063,8282,772,118
37065,702,53,27
37067,9141,842,163
37069,1228,76,19
37071,4594,397,73
37077,962,68,17
37079,271,16,8
37081,14306,1225,245
37083,934,91,34
37085,1960,175,39
37087,1546,136,26
37089,3085,205,40
37091,459,37,9
37093,491,34,11
37097,5405,391,59
37099,1113,106,14
37101,4151,338,57
37105,1460,134,25
37107,1220,95,32
37109,2081,141,27
37111,822,79,14
37113,1282,111,19
37115,402,30,8
37117,426,33,12
37119,36472,2985,430
37123,503,38,14
37125,2516,240,36
37127,2114,180,39
37129,8710,787,123
37133,3080,398,51
37135,3491,284,59
37139,931,94,15
37141,1499,131,24
37145,725,51,15
37147,3817,381,67
37151,2651,220,45
37153,814,65,29
37155,1787,168,62
37157,1632,136,34
37159,2908,234,48
37161,1289,96,24
37163,1014,85,17
37165,624,54,13
37167,1459,120,20
37169,674,57,13
37171,1661,143,20
37175,1011,86,17
37179,5732,360,67
37181,880,66,25
37183,33873,2636,448
37189,1740,146,29
37191,2195,213,58
37193,1157,92,26
37195,1818,150,49
37197,650,46,11
38015,3218,212,27
38017,5988,413,68
38035,1903,164,28
38059,895,65,12
38089,1222,82,15
38093,636,47,7
38101,2043,160,23
38105,1652,101,12
39001,421,33,8
39003,2239,205,41
39005,1021,85,20
39007,1843,216,42
39009,1030,140,20
39011,992,84,12
39013,1379,122,24
39015,561,46,14
39017,7537,753,147
39019,464,39,0
39021,566,51,14
39023,2196,216,62
39025,3773,352,59
39027,712,62,16
39029,1907,171,47
39031,618,44,12
39033,779,78,17
39035,31496,3020,694
39037,1117,74,19
39039,813,75,12
39041,5365,492,55
39043,1802,225,24
39045,2846,262,25
39047,594,63,11
39049,30700,3059,604
39051,924,73,11
39053,572,51,9
39055,2816,182,45
39057,3266,362,56
39059,828,76,17
39061,21087,2033,383
39063,1691,171,31
39065,421,50,8
39069,557,47,7
39071,733,60,18
39073,501,48,8
39075,1413,50,25
39077,1105,103,22
39079,596,54,17
39081,1163,118,18
39083,1121,99,19
39085,5504,524,106
39087,774,65,22
39089,3277,342,47
39091,872,90,24
39093,5664,524,122
39095,9282,1009,198
39097,723,62,11
39099,5391,539,113
39101,1051,98,27
39103,4127,315,44
39105,300,24,6
39107,1050,92,17
39109,2176,183,44
39113,10930,1071,241
39117,456,27,6
39119,1737,187,30
39123,1026,139,20
39127,455,52,14
39129,856,81,16
39131,423,43,13
39133,3051,303,53
39135,671,54,9
39137,734,59,8
39139,2616,224,48
39141,1245,132,21
39143,1250,112,21
39145,1240,130,24
39147,1053,101,18
39149,989,76,18
39151,8181,772,144
39153,13309,1204,205
39155,3800,391,99
39157,2098,193,39
39159,1240,86,12
39161,522,50,9
39165,4826,421,71
39167,1378,116,16
39169,2583,189,49
39171,802,65,18
39173,2862,320,29
39175,502,47,13
40009,690,50,12
40013,915,80,14
40015,421,35,13
40017,3085,237,23
40019,1575,104,33
40021,767,89,14
40027,6169,548,63
40031,2133,236,34
40037,1416,97,12
40039,945,82,11
40041,825,65,13
40047,1532,119,31
40049,697,51,10
40051,1183,77,13
40065,514,49,9
40071,1047,90,20
40079,798,60,18
40081,593,48,15
40083,970,55,9
40087,958,83,15
40089,677,60,9
40097,833,84,17
40101,1334,123,24
40109,24877,2090,269
40111,641,51,4
40113,608,44,9
40115,548,39,7
40119,1826,181,23
40121,933,84,8
40123,969,70,16
40125,1253,122,15
40131,1953,113,26
40133,425,36,3
40135,595,58,16
40137,1080,73,19
40139,474,45,12
40143,19556,1657,228
40145,1128,85,15
40147,1160,95,17
40153,761,52,6
41003,2200,222,43
41005,12862,911,161
41007,1602,227,47
41009,996,94,22
41011,1627,151,50
41013,655,43,13
41015,706,83,26
41017,8553,625,106
41019,2659,231,84
41027,1068,100,23
41029,6589,563,139
41031,455,39,12
41033,2110,204,61
41035,1516,158,39
41039,10151,931,219
41041,1613,209,51
41043,2846,246,76
41045,718,85,16
41047,9176,798,181
41051,27204,3044,493
41053,1587,151,30
41057,769,102,31
41059,1616,155,41
41061,740,59,19
41065,735,72,14
41067,16355,1346,241
41071,2760,225,63
42001,1967,193,43
42003,33812,3243,655
42005,1288,108,32
42007,3327,295,78
42009,1080,84,30
42011,8521,729,191
42013,3178,278,65
42015,1334,102,28
42017,20043,1430,300
42019,5083,355,85
42021,2996,273,65
42025,1205,115,39
42027,3344,309,57
42029,15102,1019,184
42031,958,76,26
42033,1910,154,41
42035,801,75,19
42037,1428,150,34
42039,1921,170,50
42041,6534,523,99
42043,6951,613,134
42045,13165,1124,367
42047,898,71,22
42049,6103,573,123
42051,2485,225,65
42055,3111,254,58
42059,686,62,15
42061,841,67,21
42063,1774,151,37
42065,1113,106,23
42067,516,29,13
42069,5198,538,161
42071,13776,954,278
42073,1865,156,35
42075,2811,221,69
42077,8681,747,202
42079,7212,731,228
42081,2744,250,49
42083,933,85,20
42085,2611,219,50
42087,1015,85,26
42089,3527,357,70
42091,26711,1974,426
42095,6529,707,142
42097,1611,154,50
42099,789,60,22
42101,29460,3903,1362
42103,995,85,23
42107,2705,225,92
42109,900,73,22
42111,1647,120,32
42115,855,65,20
42117,868,76,15
42119,960,77,19
42121,1134,87,26
42123,837,66,14
42125,5340,408,82
42127,1355,113,29
42129,8428,718,154
42131,633,48,16
42133,8840,723,160
44001,1331,143,24
44003,4739,436,78
44005,2800,319,71
44007,16414,1753,438
44009,3799,395,86
45001,343,31,11
45003,3067,280,67
45007,4160,405,86
45011,353,30,8
45013,6087,547,93
45015,4230,328,93
45019,15801,1423,276
45021,935,78,25
45023,560,43,14
45025,690,66,16
45027,497,39,13
45029,793,66,20
45031,1121,105,38
45033,495,48,22
45035,2861,251,56
45037,355,21,7
45039,331,19,12
45041,3282,301,106
45043,2038,172,45
45045,15493,1340,241
45047,1354,128,39
45051,10550,1209,235
45053,838,59,21
45055,1208,92,31
45057,1769,160,50
45059,985,82,28
45063,7391,610,158
45067,489,45,18
45069,305,27,18
45071,781,68,17
45073,1761,135,47
45075,1630,153,46
45077,2254,257,49
45079,9426,848,185
45083,7399,612,150
45085,1833,153,49
45087,418,35,11
45089,465,23,14
45091,6231,526,117
46011,958,85,4
46013,1245,85,14
46029,1210,75,19
46081,1248,92,13
46083,2184,99,19
46093,805,47,8
46099,6262,513,67
46103,4137,298,43
46135,707,67,8
47001,1599,141,29
47003,889,75,19
47009,2510,219,43
47011,2074,192,32
47013,579,51,16
47017,445,33,13
47019,751,74,13
47021,714,56,18
47025,466,32,8
47029,474,42,12
47031,1308,123,28
47035,1153,93,16
47037,22122,2262,350
47041,339,25,10
47043,1100,127,25
47045,785,63,17
47047,690,44,15
47051,747,62,21
47053,951,72,26
47055,543,45,17
47057,258,20,8
47059,1257,122,27
47063,1339,122,23
47065,9883,857,184
47069,314,20,13
47071,535,66,11
47073,638,67,14
47077,508,37,13
47079,714,61,16
47081,316,24,12
47089,771,68,11
47093,12519,1081,201
47097,296,25,6
47099,788,58,19
47103,628,44,16
47105,1027,82,20
47107,935,82,16
47109,436,38,9
47111,333,27,10
47113,2598,223,46
47115,482,56,14
47117,585,45,20
47119,2069,195,44
47123,773,77,25
47125,3428,411,68
47129,163,13,4
47131,630,50,7
47133,354,29,14
47141,1988,202,40
47143,541,56,9
47145,769,58,17
47147,1358,123,31
47149,6285,660,125
47151,351,28,6
47155,3117,406,89
47157,19359,1819,436
47159,307,22,9
47163,3382,327,38
47165,3875,316,66
47167,777,67,15
47173,228,20,0
47177,781,65,11
47179,3076,323,46
47183,589,61,8
47185,425,37,6
47187,8707,567,95
47189,3345,279,51
48001,891,78,17
48005,1920,148,26
48007,610,70,13
48013,838,68,20
48015,705,57,15
48019,428,42,9
48021,1778,153,42
48025,447,49,6
48027,5923,695,120
48029,39726,4282,609
48037,2273,200,32
48039,6650,689,109
48041,4972,572,86
48049,885,81,14
48053,1600,110,21
48055,733,73,12
48061,6732,760,112
48067,519,55,6
48071,809,80,16
48073,840,64,19
48085,31012,2599,355
48089,563,37,16
48091,4951,401,39
48097,1040,89,22
48099,808,89,19
48113,71182,6049,1267
48121,20025,2018,264
48135,3994,323,66
48139,3808,337,44
48141,16280,1814,206
48143,1116,98,19
48147,530,35,11
48149,771,63,15
48157,18519,1522,479
48165,532,37,7
48167,6597,780,166
48171,1202,114,28
48179,509,45,7
48181,2899,228,54
48183,4040,325,61
48185,530,45,11
48187,2768,238,36
48189,645,47,12
48199,872,86,17
48201,111215,10038,2221
48203,1402,92,27
48209,5891,530,79
48213,1521,160,41
48215,13393,1226,277
48217,649,49,17
48219,477,33,3
48221,1552,128,29
48223,844,69,10
48225,360,31,11
48227,737,67,12
48231,1854,153,32
48233,394,42,7
48241,641,55,15
48245,5710,495,142
48249,783,77,20
48251,3465,301,54
48257,2500,217,51
48259,1651,115,11
48265,1581,135,17
48273,545,72,12
48277,1278,97,18
48281,469,39,7
48285,489,27,14
48291,1206,102,34
48293,401,33,9
48299,561,43,12
48303,8019,698,104
48309,5928,562,104
48321,707,69,20
48323,883,67,14
48325,856,88,22
48329,6096,425,48
48331,452,37,15
48337,448,28,7
48339,15014,1199,208
48341,456,40,12
48347,1319,122,29
48349,966,72,23
48355,8111,861,118
48361,1333,133,51
48363,644,68,10
48365,479,31,8
48367,3647,251,43
48373,859,68,16
48375,3489,319,40
48381,2917,249,29
48397,2986,263,29
48401,833,66,9
48407,258,14,9
48409,1131,150,26
48419,531,38,11
48423,6356,500,76
48427,594,59,25
48439,47656,4506,949
48441,3658,331,43
48449,687,56,11
48451,2963,284,34
48453,42837,3440,541
48457,246,16,0
48459,577,41,15
48463,609,49,15
48465,786,83,19
48467,1007,91,11
48469,2255,189,30
48471,1113,102,22
48473,1082,65,15
48477,996,80,18
48479,5840,436,57
48481,997,69,31
48485,3043,274,48
48489,189,22,6
48491,15041,1290,214
48493,870,76,17
48497,1604,99,29
48499,904,74,10
49003,1332,87,13
49005,4140,200,35
49007,495,36,8
49011,8636,533,52
49021,1935,136,14
49035,35732,2502,351
49039,534,34,9
49041,616,40,5
49043,2810,186,36
49045,1187,90,11
49047,1149,66,13
49049,17568,1066,123
49051,1345,64,15
49053,7191,395,52
49057,6389,440,75
50001,1158,71,21
50003,1258,83,39
50005,913,70,19
50007,5665,423,92
50011,1101,83,27
50015,1001,85,30
50017,711,39,12
50019,782,48,18
50021,1945,163,39
50023,2118,130,40
50025,1657,151,35
50027,1926,133,34
51001,711,74,22
51003,2963,186,49
51009,553,40,12
51013,6334,620,95
51015,1439,76,27
51019,1818,110,30
51023,776,42,16
51031,1216,77,33
51033,424,34,14
51035,431,31,9
51041,8257,600,124
51047,1126,85,19
51053,396,18,9
51059,31931,2458,401
51061,2015,119,26
51065,420,20,5
51067,1238,76,24
51069,1695,117,29
51073,868,67,16
51075,756,34,11
51079,384,27,7
51083,656,47,18
51085,3413,216,40
51087,9754,709,172
51089,803,63,28
51093,766,62,15
51095,1841,134,23
51099,496,34,4
51105,242,19,8
51107,12561,844,137
51109,683,46,13
51117,793,57,18
51121,2016,190,39
51127,458,32,9
51137,724,70,14
51139,441,41,7
51143,879,47,28
51145,740,34,8
51147,496,38,9
51149,466,36,6
51153,9286,766,173
51155,641,56,10
51161,2145,139,34
51163,458,29,19
51165,1648,92,38
51167,436,30,7
51169,260,22,15
51171,922,86,25
51173,499,50,10
51177,2811,217,52
51179,2570,196,38
51185,895,68,14
51187,882,75,24
51191,1207,89,21
51195,607,59,14
51197,691,58,13
51199,1503,148,20
51510,4493,385,86
51540,2070,291,50
51550,5867,506,90
51590,1227,135,38
51600,2028,193,33
51630,1477,185,26
51650,2362,254,76
51660,1695,194,51
51670,396,42,20
51680,2251,250,53
51683,1506,131,30
51700,3788,399,100
51710,5398,607,133
51730,707,65,29
51740,1597,163,56
51760,6530,680,200
51770,3151,267,86
51775,994,80,15
51790,760,76,19
51800,1798,167,41
51810,11822,1241,210
51820,620,67,17
51840,1373,132,15
53001,401,33,9
53003,440,35,7
53005,4960,465,63
53007,2782,258,60
53009,2114,180,28
53011,12552,865,167
53015,2309,204,43
53017,854,62,15
53021,1968,158,42
53025,2123,194,48
53027,1558,175,62
53029,1941,157,30
53031,991,87,16
53033,70376,6372,928
53035,6272,566,95
53037,1500,149,31
53039,585,48,10
53041,1990,186,43
53045,1072,107,22
53047,1202,87,30
53049,558,63,17
53053,20051,1703,349
53057,3670,325,66
53061,20258,1686,293
53063,14426,1165,180
53065,943,66,15
53067,6656,570,111
53071,1491,132,33
53073,7146,553,102
53075,873,93,16
53077,5010,498,130
54003,1859,199,31
54005,241,11,7
54009,366,44,9
54011,2331,270,33
54019,710,63,9
54025,888,68,9
54027,310,25,5
54029,544,64,14
54033,1781,163,21
54035,472,42,4
54037,976,109,18
54039,4396,393,45
54043,172,9,4
54045,595,51,10
54049,1114,110,17
54051,481,46,8
54053,324,25,5
54055,1154,90,18
54057,456,51,16
54059,326,20,9
54061,2481,311,21
54067,541,48,10
54069,1320,133,24
54077,509,29,5
54079,1248,98,14
54081,1713,116,29
54083,650,46,6
54097,513,38,6
54099,434,40,12
54107,1901,186,18
54109,267,20,5
55001,346,54,0
55005,1340,132,26
55009,6722,582,61
55015,968,92,12
55017,1660,160,14
55019,779,70,15
55021,1432,165,20
55025,14765,1324,187
55027,1693,158,21
55029,1292,165,32
55031,998,135,15
55033,915,83,12
55035,2753,263,24
55039,2227,216,28
55043,1177,112,29
55045,1012,89,19
55049,582,48,6
55053,400,54,4
55055,2058,185,24
55057,541,67,8
55059,3403,381,49
55061,465,43,11
55063,3151,322,19
55069,686,93,10
55071,1726,171,16
55073,3436,306,43
55075,1054,127,14
55079,20466,2122,446
55081,967,111,20
55083,781,87,12
55085,1387,163,19
55087,5304,469,47
55089,2832,225,29
55093,788,101,16
55095,1163,125,19
55097,1715,203,18
55101,4114,403,80
55105,3362,356,66
55109,2422,198,32
55111,1876,199,35
55115,892,98,13
55117,2671,264,39
55121,651,72,11
55123,686,61,10
55125,961,142,11
55127,2829,303,44
55131,3427,272,33
55133,12761,827,115
55135,1199,125,14
55137,494,52,7
55139,3784,384,34
55141,1717,167,19
56001,1097,91,12
56005,1512,98,19
56013,1281,90,18
56021,3625,201,27
56023,948,48,11
56025,3071,183,29
56029,1332,77,23
56033,2670,82,20
56037,1219,99,12
56039,2390,102,24
56041,566,42,7
