agency_code,vendor,vendor_uei,obligations
DHS,BCCG A JOINT VENTURE,VNQTYNAV9C25,3127100299
DHS,FISHER SAND & GRAVEL CO,XAVBDA4D13N7,928459404
DHS,BARNARD SPENCER JOINT VENTURE,US79M57E8DT9,778434100
DHS,"AUSTAL USA, LLC",RG6LJJM6JBS3,707287782
DHS,"CSI AVIATION, INC",D5BNEHB3UL89,658478143
DHS,"THE GEO GROUP, INC.",JMLKZZ1NL2Z6,621382988
DHS,PARAGON SYSTEMS INC,RG1VD6RNMXB5,494108436
DHS,"GENERAL DYNAMICS INFORMATION TECHNOLOGY, INC.",SMNWM6HN79X5,372821882
DHS,"CACI, INC. - FEDERAL",N3PBJAVNKF61,362898283
DHS,"WHITING-TURNER CONTRACTING COMPANY, THE",VEP4UN7LDMK5,320390072
DHS,"CORECIVIC, INC.",HJGMJN1JKL46,305768542
DHS,DEPLOYED RESOURCES LLC,GFTGQRJ8F959,292464569
DOC,REED TECHNOLOGY AND INFORMATION SERVICES LLC,M8U2V6FM8643,171796583
DOC,"GENERAL DYNAMICS INFORMATION TECHNOLOGY, INC.",SMNWM6HN79X5,158800310
DOC,"EARTH RESOURCES TECHNOLOGY, LLC",DFH4YBBMYMU8,128992322
DOC,SCIENCE APPLICATIONS INTERNATIONAL CORPORATION,MMLKPW9JLX64,122276704
DOC,JAG ALASKA INC.,Z2JUCG8WMHL3,109651739
DOC,ACCENTURE FEDERAL SERVICES LLC,C47BNA8GM833,101340971
DOC,THE MITRE CORPORATION,DMHDNDCPWUD1,100485198
DOC,LYNKER CORPORATION,MCLPKDBCDKY7,99968273
DOC,"GAMA-1 TECHNOLOGIES, LLC",L3LZRJNCQSA6,60701508
DOC,LOCKHEED MARTIN CORPORATION,HDHVQ4EF8A89,59262147
DOC,DELL FEDERAL SYSTEMS L.P,N1C5QLNPJLS4,57634643
DOC,"THUNDERCAT TECHNOLOGY, LLC",UER4AJLUB8D5,53076159
DOD,LOCKHEED MARTIN CORPORATION,G4KDGE4JFFK7,34088390516
DOD,ELECTRIC BOAT CORPORATION,E7BEKJ4V9528,21366142819
DOD,RAYTHEON COMPANY,VTEWM5QSE598,10727310101
DOD,LOCKHEED MARTIN CORPORATION,XFJMYSYFJEK4,10420319268
DOD,AMERISOURCEBERGEN DRUG CORP,KABZK8W6PQT3,7441520573
DOD,RTX CORPORATION,QN1BCFY7JDJ5,7279061881
DOD,HUMANA GOVERNMENT BUSINESS INC,ZE6ZM6NKSV43,6513706439
DOD,THE BOEING COMPANY,JJM4FRDZJDX1,6293091518
DOD,LOCKHEED MARTIN CORPORATION,H7PNSVNN5827,6053523340
DOD,"ATLANTIC DIVING SUPPLY, INC.",GJMSFBCNMSK3,5711357654
DOD,SIKORSKY AIRCRAFT CORPORATION,UTJWTSLMFNG4,4760325111
DOD,HUNTINGTON INGALLS INCORPORATED,C3NLZNSMU254,4628938515
DOE,"NATIONAL TECHNOLOGY & ENGINEERING SOLUTIONS OF SANDIA, LLC",LUJEPCRRT377,5673408174
DOE,"TRIAD NATIONAL SECURITY, LLC",X7WUS5LRBQU3,5199738723
DOE,"LAWRENCE LIVERMORE NATIONAL SECURITY, LLC",PM52LCJH72T9,3625335907
DOE,UT-BATTELLE LLC,ZLHJJ57QA2H8,2679775141
DOE,"CONSOLIDATED NUCLEAR SECURITY, LLC",EWV8QKG1JUV7,2537032358
DOE,"HONEYWELL FEDERAL MANUFACTURING & TECHNOLOGIES, LLC",DMEGBYTVBQS5,2113530440
DOE,SAVANNAH RIVER NUCLEAR SOLUTIONS LLC,XLQ7CKUSQSD5,1954824444
DOE,"BATTELLE ENERGY ALLIANCE, LLC",HG7XL5RBNX55,1937803142
DOE,"PANTEXAS DETERRENCE, LLC",SPG7J8395CJ5,1921935367
DOE,"FERMI FORWARD DISCOVERY GROUP, LLC",VLS6K3EVCMW5,1733790763
DOE,"FLUOR MARINE PROPULSION, LLC",CWHMVCX7K1N6,1724558771
DOE,BATTELLE MEMORIAL INSTITUTE,CWKJEXDG79A7,1645715282
DOI,"GENERAL DYNAMICS INFORMATION TECHNOLOGY, INC.",SMNWM6HN79X5,298564061
DOI,"NW CONSTRUCTION, INC",SNSLU2QXJ7Z5,225853815
DOI,KIEWIT INFRASTRUCTURE WEST CO.,KGG6RMJ7D9P8,217243435
DOI,ACACIA CENTER FOR JUSTICE,CAJ4W5QGNKK9,147941462
DOI,JACOBS PROJECT MANAGEMENT CO.,WEBHVDKSC4T5,132562210
DOI,AMES FEDERAL CONTRACTING GROUP LLC,WCK5W6RK82X1,112100000
DOI,"TEPA EC, LLC",EZMNZ2HYHFB7,109376451
DOI,CDM CONSTRUCTORS INC,LLB7TD5CJZN4,88273588
DOI,DEEP MILE NETWORKS LLC,KJQXXKB5WF89,87876969
DOI,GUIDEHOUSE INC.,N9NJK877QJK9,77540212
DOI,PERIMETER SOLUTIONS LP,QGUQWSU5AHB4,66657060
DOI,BOOZ ALLEN HAMILTON INC,JCBMLGPE6Z71,53945450
DOJ,"METROPOLITAN SECURITY SERVICES, INC.",M8XJCDL1AE26,510012951
DOJ,MCKESSON CORPORATION,S1RUKWWRYFL6,211984610
DOJ,CGI FEDERAL INC.,TRKEP1HEBNS5,170725932
DOJ,"THE GEO GROUP, INC.",JMLKZZ1NL2Z6,170077363
DOJ,NAPHCARE LLC,GB3CE4QXH6A4,169443318
DOJ,BRASFIELD & GORRIE LLC,TWVGJRMK6Z78,158861770
DOJ,"AT&T ENTERPRISES, LLC",MX89BGD5FK75,143670276
DOJ,"MINBURN TECHNOLOGY GROUP, LLC",WN8JFVZTBCA5,137037324
DOJ,"THUNDERCAT TECHNOLOGY, LLC",UER4AJLUB8D5,123518331
DOJ,FORFEITURE SUPPORT ASSOCIATES LLC,KJV1FNRCA649,122463023
DOJ,ACCENTURE FEDERAL SERVICES LLC,C47BNA8GM833,117868151
DOJ,"HERITAGE HEALTH SOLUTIONS, INC.",RQ68XNJUBBV5,112571940
DOL,ADAMS AND ASSOCIATES INC,HV9FBNEWXMY9,195228661
DOL,MANAGEMENT & TRAINING CORPORATION,G58ZEJ7HJGM1,159945156
DOL,EDUCATION & TRAINING RESOURCES LLC,MV7PBX3HLST1,111698634
DOL,ARBOR E & T LLC,MSYFSPW9KMD3,74041041
DOL,CAREER SYSTEMS DEVELOPMENT CORPORATION,V6JEP5H4PGM8,72926433
DOL,SERRATO CORPORATION,UFU3KV3SYHR3,45739042
DOL,PERATON ENTERPRISE SOLUTIONS LLC,MBSRAWAQ9559,43812873
DOL,STRATEGIX MANAGEMENT LLC,JP6YLTEYJLT5,38669962
DOL,THE BIZZELL GROUP LLC,KGJUK3TUQ416,38071748
DOL,"ODLE MANAGEMENT GROUP, L.L.C.",NKU3DN6KB1N4,36638421
DOL,BOOZ ALLEN HAMILTON INC,JCBMLGPE6Z71,33351150
DOL,HUMAN LEARNING SYSTEMS LLC,C1FEN1NNWWF9,30046446
DOS,XATOR LLC,ZJFDNMA46LT9,618512991
DOS,CGI FEDERAL INC.,TRKEP1HEBNS5,363774985
DOS,BL HARBERT INTERNATIONAL LLC,XXNJCWMAKNH8,323929443
DOS,MISCELLANEOUS FOREIGN AWARDEES,LN9PU5M2YZN5,248081459
DOS,"PECKHAM VOCATIONAL INDUSTRIES, INC.",FKJWA9VNRNC9,244676616
DOS,"GENERAL DYNAMICS INFORMATION TECHNOLOGY, INC.",SMNWM6HN79X5,235175991
DOS,ACCENTURE FEDERAL SERVICES LLC,C47BNA8GM833,181676682
DOS,"CADDELL CONSTRUCTION CO. (DE), LLC",ELJMJND6DDF3,179919356
DOS,SCIENCE APPLICATIONS INTERNATIONAL CORPORATION,MMLKPW9JLX64,175280155
DOS,"PAE GOVERNMENT SERVICES, INC.",JENBF1KKWZ93,168169734
DOS,"INTER-CON SECURITY SYSTEMS, INC.",EZ3SMGBR74X6,166521958
DOS,PERATON INC.,ZBPQEJVECCT4,166389718
DOT,HARRIS CORPORATION,E98VT6T8R7E1,918037660
DOT,CDW GOVERNMENT LLC,PHZDZ8SJ5CM1,181501301
DOT,"LEIDOS, INC.",UE9QJD4KK1L6,164367958
DOT,THE MITRE CORPORATION,DMHDNDCPWUD1,159346543
DOT,"FREQUENTIS USA, INC",P35CUAWMBQ19,156029024
DOT,"TOTE SERVICES, LLC",UFQGBQM3JDY5,152450490
DOT,RAYTHEON COMPANY,YD6LTFVUZNG1,151275736
DOT,"CROWLEY GOVERNMENT SERVICES, INC.",VMEFT5X61JT9,150454334
DOT,TEXTRON AVIATION INC,LH8RF2CKLWK5,147582348
DOT,"INDRA AIR TRAFFIC, INC.",VB6HQ7ADUGK8,144356049
DOT,PTSI MANAGED SERVICES INC,V6HHNX7LE717,140907084
DOT,WALSH FEDERAL LLC,DMFWBVTL9324,138996265
ED,NELNET SERVICING LLC,MNXKQ62J7AE8,397232036
ED,ACCENTURE FEDERAL SERVICES LLC,C47BNA8GM833,298424090
ED,MAXIMUS EDUCATION LLC,HSUVUJE1ESU7,295267629
ED,EDFINANCIAL SERVICES LLC,TB69PMAFZSK8,249322950
ED,MISSOURI HIGHER EDUCATION LOAN AUTHORITY,N76QY63KMM18,239777672
ED,"MAXIMUS FEDERAL SERVICES, INC.",TREKW6J3QSF5,186168006
ED,"GENERAL DYNAMICS INFORMATION TECHNOLOGY, INC.",SMNWM6HN79X5,86552416
ED,CENTRAL RESEARCH INC,CFJLNG96G1K5,81301728
ED,PERATON ENTERPRISE SOLUTIONS LLC,MBSRAWAQ9559,69350050
ED,EDUCATIONAL TESTING SERVICE,SZN1MPHQN853,62824667
ED,"F.H. CANN & ASSOCIATES, INC.",JLCRDYL2L161,57836539
ED,"WESTAT, INC.",NVUWAFWQ57S5,43226145
EPA,"ENVIRONMENTAL QUALITY MANAGEMENT, INC",DBD6KDKXWN65,141735682
EPA,"SEVENSON ENVIRONMENTAL SERVICES, INC.",VHPJR3MJWV49,136907985
EPA,ENVIRONMENTAL RESTORATION LLC,MHMPN3F73NX3,115370521
EPA,WESTON SOLUTIONS INC,Z4XGALW7L9K6,84868589
EPA,EASTERN RESEARCH GROUP INC,DK4TBEJRAR56,66893111
EPA,"EA ENGINEERING, SCIENCE, AND TECHNOLOGY, INC., PBC",LEEMJD9WKDC9,55599038
EPA,"HYDROGEOLOGIC, INC.",S7Q4GKNGGA81,45764756
EPA,"GENERAL DYNAMICS INFORMATION TECHNOLOGY, INC.",SMNWM6HN79X5,39300519
EPA,"ENDYNA, INC.",GKWTAHYKMC62,38422335
EPA,"CH2M HILL, INC",NBG7N3TRX7K4,34498708
EPA,CDM FEDERAL PROGRAMS CORPORATION,DHS5ZJSFCSH9,32191827
EPA,S C & A INC,FD83JSMSL9K1,31178756
GSA,BOOZ ALLEN HAMILTON INC,JCBMLGPE6Z71,2359494941
GSA,SCIENCE APPLICATIONS INTERNATIONAL CORPORATION,MMLKPW9JLX64,1100286085
GSA,"CACI, INC. - FEDERAL",N3PBJAVNKF61,961723064
GSA,"GENERAL DYNAMICS INFORMATION TECHNOLOGY, INC.",SMNWM6HN79X5,924598121
GSA,HII MISSION TECHNOLOGIES CORP,G5H7HWC4L2R5,879384564
GSA,DELOITTE CONSULTING LLP,CKV2L9GZKJK3,685567320
GSA,PERATON INC.,ZBPQEJVECCT4,651067103
GSA,"LEIDOS, INC.",MDSWM6MB1BH7,488040496
GSA,FORD MOTOR CO,QD3MLADL7366,474028573
GSA,"MANTECH ADVANCED SYSTEMS INTERNATIONAL, INC.",JY2BDT2K58Z6,455608583
GSA,"SALIENT CRGT, INC.",Q5LJNF15T2R5,405561269
GSA,FLEET VEHICLE SOURCE INC,CGAKREGGN9J3,391386732
HHS,"MAXIMUS FEDERAL SERVICES, INC.",TREKW6J3QSF5,949709498
HHS,"GENERAL DYNAMICS INFORMATION TECHNOLOGY, INC.",SMNWM6HN79X5,839322393
HHS,LEIDOS BIOMEDICAL RESEARCH INC,HV8BH9BPG8Y9,559562925
HHS,DELOITTE CONSULTING LLP,CKV2L9GZKJK3,407386674
HHS,BOOZ ALLEN HAMILTON INC,JCBMLGPE6Z71,391842378
HHS,"PALMETTO GBA, LLC",CFLDECZBMDV6,362647588
HHS,CARAHSOFT TECHNOLOGY CORP,DT8KJHZXVJH5,276228205
HHS,"NATIONAL GOVERNMENT SERVICES, INC.",TJNDFEALGTB5,261054352
HHS,"NORIDIAN HEALTHCARE SOLUTIONS, LLC",S9LBFM3QCED8,236144109
HHS,"ALVOGEN, INC.",LJNNGDV77Y98,227679090
HHS,"NOVITAS SOLUTIONS, INC.",PLHWY41UW5V3,227406728
HHS,ACCENTURE FEDERAL SERVICES LLC,C47BNA8GM833,225328896
NARA,"EMCOR GOVERNMENT SERVICES, INC",DNYGB48XJMK5,18923034
NARA,AMERICAN SECURITY PROGRAMS INC,NJZMXXMQ7RZ7,12780658
NARA,ACCELGOV LLC,NANQLBFHT5E1,11496811
NARA,COMMUNICATIONS TRAINING ANALYSIS CORPORATION,ZL8ELG1ULWW5,10810257
NARA,SKYLIGHT INC.,F1QZXZNLZJF2,9250119
NARA,DESIGN AND PRODUCTION INCORPORATED,N3AQKGPYJMM4,8912343
NARA,JACOBS PROJECT MANAGEMENT CO,KKJ6F7ANRMK3,8838693
NARA,"GRUNLEY CONSTRUCTION CO., INC.",R6CPWWDD4AM1,8415472
NARA,MUTATIO INC.,DY1FJMHJ2P53,7746012
NARA,"GOVSMART, INC.",DJACUETFQUL8,5965736
NARA,"FEARLESS SOLUTIONS, LLC",YUZFZ7G7J7D3,5726876
NARA,RAVEN SERVICES CORP,RNKQAJS3M6V5,5130488
NASA,CALIFORNIA INSTITUTE OF TECHNOLOGY,YC1YP79BFD19,2297095444
NASA,SPACE EXPLORATION TECHNOLOGIES CORP.,C6M7C2FLKER5,1348486808
NASA,THE BOEING COMPANY,SML4NN2CT556,1172217661
NASA,"BLUE ORIGIN WASHINGTON, LLC",SH2ER4W6LH13,828970508
NASA,LOCKHEED MARTIN CORP,FYHNA5WC8XD7,655842786
NASA,PERATON INC.,ZBPQEJVECCT4,541471072
NASA,THE JOHNS HOPKINS UNIVERSITY APPLIED PHYSICS LABORATORY LLC,C1HBCJ9RMBV3,420016689
NASA,"KBR WYLE SERVICES, LLC",HYBLSJAMM2F4,399382294
NASA,NORTHROP GRUMMAN SYSTEMS CORPORATION,Q11ZHUFBW741,368466186
NASA,THE BOEING COMPANY,HLWWEH2CCXW5,367315442
NASA,"AMENTUM TECHNOLOGY, INC.",H2RGSKWXKHQ5,351827283
NASA,"ASSOCIATION OF UNIVERSITIES FOR RESEARCH IN ASTRONOMY, INC.",W1NBN156CYF9,299494592
NSF,"LEIDOS, INC.",X38JVP4R72E1,319931375
NSF,BOOZ ALLEN HAMILTON INC,JCBMLGPE6Z71,50030224
NSF,BATTELLE MEMORIAL INSTITUTE,F125YU6SWK59,41937124
NSF,"DIRECTVIZ SOLUTIONS, LLC",YXH4AGD2LGF5,22532734
NSF,"SYNECTICS FOR MANAGEMENT DECISIONS, INC.",VNMWLBY2K1E5,16833078
NSF,BY LIGHT PROFESSIONAL IT SERVICES LLC,NKKQE6FG4C28,14577753
NSF,"ICF INCORPORATED, L.L.C.",QHBLBNKKV4U3,13298114
NSF,SPATIAL FRONT INC,J1ADW6BL8MN5,11545949
NSF,"CIVICACTIONS, INC.",XSZFHRS5QFL5,10769110
NSF,CARAHSOFT TECHNOLOGY CORP,DT8KJHZXVJH5,9798347
NSF,ANIKA SYSTEMS INCORPORATED,Y9V7J5VN9F68,7744036
NSF,STRATEGIC COMMUNICATIONS LLC,LJZRP7SE5LN4,7237303
OPM,RESEARCH MANAGEMENT CONSULTANTS INC,LREZCR4GTFM5,30425157
OPM,"BERING STRAITS PROFESSIONAL SERVICES, LLC",L8BNTYVF45P7,16810950
OPM,"HEALTHEQUITY, INC.",JHYDEGZ72RH3,14873199
OPM,"EXCELLA, LLC",KMKUAFKECJ83,12920383
OPM,DELOITTE CONSULTING LLP,CKV2L9GZKJK3,11939128
OPM,"POWERTRAIN, INC.",FFFBN9JMAKK3,10014480
OPM,FOUR LLC,X1JJYEW4HAN9,8956975
OPM,CARAHSOFT TECHNOLOGY CORP,DT8KJHZXVJH5,8732196
OPM,"FEDERAL MANAGEMENT PARTNERS, LLC",PLSZM1MAB7Y8,5659464
OPM,"CYBERMEDIA TECHNOLOGIES, LLC",MXTJKYDAEDQ9,5651737
OPM,"MAXIMUS FEDERAL SERVICES, INC.",TREKW6J3QSF5,5370215
OPM,"CMI MANAGEMENT, LLC",XE68Z7CJJ323,5229156
PBGC,SERCO INC,DKJ1R5ABCN48,44762126
PBGC,DELOITTE & TOUCHE LLP,F9KSDU7L9VP6,22580006
PBGC,"SALIENT CRGT, INC.",Q5LJNF15T2R5,15236359
PBGC,STATE STREET CORPORATION,ESYMEX6MH9K7,14188914
PBGC,SCIENCE APPLICATIONS INTERNATIONAL CORPORATION,MMLKPW9JLX64,11909239
PBGC,WELLINGTON MANAGEMENT COMPANY LLP,KL3PTB7TL426,10500000
PBGC,PACIFIC INVESTMENT MANAGEMENT COMPANY LLC,L16CWVGYDTK7,10280000
PBGC,NISA INVESTMENT ADVISORS LLC,T5WNHG46BDN7,10070000
PBGC,ARROWSTREET CAPITAL LP,TEAJPL5JZBB9,9800000
PBGC,"PGIM, INC.",E62MSZ5AKLB8,8600000
PBGC,CGI FEDERAL INC.,TRKEP1HEBNS5,7791794
PBGC,DELOITTE CONSULTING LLP,CKV2L9GZKJK3,7049154
SEC,"GENERAL DYNAMICS INFORMATION TECHNOLOGY, INC.",SMNWM6HN79X5,61752799
SEC,BOOZ ALLEN HAMILTON INC,JCBMLGPE6Z71,39514872
SEC,"MAXIMUS FEDERAL TECHNOLOGY SOLUTIONS, LLC",RYMXZHTX4WP3,36496878
SEC,"FCN, INC.",JEANDJTZ8HJ3,29115567
SEC,"C2 ALASKA, LLC",GAVTYB3AKC29,28243711
SEC,"CASEPOINT, LLC",NNBKLLXPY4L6,23339942
SEC,"FOUR POINTS TECHNOLOGY, L.L.C.",H1KHJPJH9R51,19153736
SEC,TEAM GREENZONE JV LLC,C8LFSXN73XJ5,16152088
SEC,"ITS AGILE, LLC",N3T8X4HCMNB7,16010562
SEC,"ASCELLA TECHNOLOGIES, INC.",ZW24WXQ92VF9,14488133
SEC,"ARETEC, INC",CJN6YQNAKHQ1,13502196
SEC,REFINITIV US LLC,G7QMJLMJ1BF3,11374181
SI,"UNIVERSAL PROTECTION SERVICE, LIMITED PARTNERSHIP",MFA2CSSMMA35,28268500
SI,"ASSOCIATED BUILDERS, INC.",N8EHC4YGJKG5,21244358
SI,SMITHSONIAN INSTITUTION,KQ1KJG78NNS9,20720456
SI,"CLARK/SMOOT/CONSIGLI, A JOINT VENTURE",HZ7HBNB514J3,14604765
SI,"COAKLEY & WILLIAMS CONSTRUCTION, LLC.",JCWXRC6E5963,14266593
SI,"GRUNLEY CONSTRUCTION CO., INC.",R6CPWWDD4AM1,12322221
SI,"BISCAYNE CONTRACTORS, INC",X21JJ4JL8DX7,12072602
SI,POTOMAC ELECTRIC POWER CO,FMHCHFPKMLZ4,11427367
SI,UOVO ART LLC,CMHFM5XC1JH4,11425000
SI,"WHITING-TURNER CONTRACTING COMPANY, THE",VEP4UN7LDMK5,11123928
SI,KAPP-CON INCORPORATED,TBCLLYYF4LR8,10767193
SI,EWING COLE INC.,SNQUNCM3JCD4,8243112
SSA,"LEIDOS, INC.",MYKLJHTX3MM7,263725923
SSA,CARAHSOFT TECHNOLOGY CORP,DT8KJHZXVJH5,128351310
SSA,"FOUR POINTS TECHNOLOGY, L.L.C.",H1KHJPJH9R51,92295811
SSA,INTERNATIONAL BUSINESS MACHINES CORPORATION,VV9KH3L99VE3,91527293
SSA,EQUIFAX WORKFORCE SOLUTIONS LLC,HYKURWCMHQJ5,69516232
SSA,"CA, INC.",K51UG4BJGE68,62288428
SSA,"SECURITYHUNTER, INC.",CE4FVLS87M41,57913937
SSA,COLOSSAL CONTRACTING LLC,F4M9NB1HD785,54339037
SSA,DELL MARKETING L.P.,HJLSY7RZV8X6,48154080
SSA,INTERNATIONAL BUSINESS MACHINES CORPORATION,J64CSQTQNRC1,42874200
SSA,CGI FEDERAL INC.,TRKEP1HEBNS5,38443550
SSA,VERIZON BUSINESS NETWORK SERVICES LLC,GEYFS4D96R55,38011049
TREAS,STONEX FINANCIAL LTD,ZRGFMMN3RXV8,1330684787
TREAS,"FCN, INC.",JEANDJTZ8HJ3,427950988
TREAS,ASAHI REFINING USA INC,GL5NPDBBRMC8,339833337
TREAS,ACCENTURE FEDERAL SERVICES LLC,C47BNA8GM833,335749688
TREAS,"LANCER INFORMATION SOLUTIONS, LLC",NNDATBHM7KY1,270249739
TREAS,SCIENCE APPLICATIONS INTERNATIONAL CORPORATION,MMLKPW9JLX64,238083779
TREAS,DELOITTE CONSULTING LLP,CKV2L9GZKJK3,235845157
TREAS,"COUNTERTRADE PRODUCTS, INC.",CN4KSKX2UQY5,227041253
TREAS,"A-MARK PRECIOUS METALS, INC.",CJZ8EW1Q7JJ6,211235722
TREAS,"CRANE & CO., INC.",N4GVXK9MVN18,173462475
TREAS,"MAXIMUS FEDERAL SERVICES, INC.",TREKW6J3QSF5,152365301
TREAS,"WIELAND ROLLED PRODUCTS NORTH AMERICA, LLC",LCCMM1A56RP1,148627261
USAID,"CHEMONICS INTERNATIONAL, INC.",DSUSFJFR9A33,1241048006
USAID,DOMESTIC AWARDEES (UNDISCLOSED),KA5HQCLKUVW1,516596556
USAID,DAI GLOBAL LLC,JKMEF5QVJK24,242772609
USAID,FAMILY HEALTH INTERNATIONAL,VRAASTY11EA3,238333614
USAID,ABT GLOBAL LLC,C9S1NLQ67626,161768744
USAID,PATH,PD3VNAABZJL7,157716687
USAID,CREDENCE MANAGEMENT SOLUTIONS LIMITED LIABILITY COMPANY,FZNCSKF4X6D9,108798173
USAID,RESEARCH TRIANGLE INSTITUTE,JJHCMK4NT5N3,88852941
USAID,DELOITTE CONSULTING LLP,CKV2L9GZKJK3,87328831
USAID,"TETRA TECH ES, INC.",UJN1EN56WZ66,55180891
USAID,PALLADIUM INTERNATIONAL LLC,DFVMS8LMNX65,50098650
USAID,DT GLOBAL INC,HRZLQ4ZDHMZ1,50050000
USDA,PERIMETER SOLUTIONS LP,QGUQWSU5AHB4,252508061
USDA,TYSON FOODS INC.,DX7AU4JMLPC7,226992632
USDA,PACIFIC COAST PRODUCERS,RNUGGJVG1RK8,117320700
USDA,"HELICOPTER TRANSPORT SERVICES, LLC",H1VHLSRLB3Y7,114604605
USDA,"AERO-FLITE, INC.",QLPVYV6GY874,112412918
USDA,BONGARDS CREAMERIES,TTB1W4DXY7L5,103862985
USDA,HELICOPTER EXPRESS LLC,RH1LCNXGVHL7,102458350
USDA,INN FOODS INC,F1DLCM6EGD31,87693052
USDA,"CAVINESS BEEF PACKERS, LIMITED",JMJGND1L1373,81452938
USDA,BRIDGER AIR TANKER LLC,J8MRKB47KE59,78732097
USDA,"CHERRY MEAT PACKERS, INC",VKTSH6PAV4N4,76556384
USDA,"CHANNEL FISH PROCESSING CO., INC.",HJZEDT4S8LT5,76316904
VA,"OPTUM PUBLIC SECTOR SOLUTIONS, INC.",XMUZGJN98231,22490531834
VA,MCKESSON CORPORATION,S1RUKWWRYFL6,11450566560
VA,TRIWEST HEALTHCARE ALLIANCE CORP,J7M9HPTGJ1S9,9834327512
VA,QTC MEDICAL SERVICES INC,GN8YP96TMPK6,2775778967
VA,"OPTUMSERVE HEALTH SERVICES, INC.",G5XXLHZSW8X3,2501192978
VA,"VETERANS EVALUATION SERVICES, INC",MT6ZNX9BMGB7,2033102247
VA,"ORACLE HEALTH GOVERNMENT SERVICES, INC.",DT2KS3HH5FP5,1006450120
VA,LOYAL SOURCE GOVERNMENT SERVICES LLC,Y54FQAPG4TN5,759509202
VA,BOOZ ALLEN HAMILTON INC,KHK6E1JW9C15,680822145
VA,FRESENIUS MEDICAL CARE HOLDINGS INC,NVL9NNKL2617,634806480
VA,DELL FEDERAL SYSTEMS L.P,N1C5QLNPJLS4,576529420
VA,DAVITA INC.,PCJQZRE36Z73,533649880
