district_id,district,state,obligations,population
0101,AL-01,AL,1266327739,727212
0102,AL-02,AL,2836561749,716212
0103,AL-03,AL,499939582,721289
0104,AL-04,AL,-64082472,723070
0105,AL-05,AL,12833644325,729384
0106,AL-06,AL,202554411,706497
0107,AL-07,AL,568068359,716213
0200,AK-00,AK,3851106277,732673
0401,AZ-01,AZ,1178869566,796924
0402,AZ-02,AZ,541300119,809339
0403,AZ-03,AZ,1683065292,799570
0404,AZ-04,AZ,1359950128,804813
0405,AZ-05,AZ,998601015,813308
0406,AZ-06,AZ,1189382178,803556
0407,AZ-07,AZ,12398980457,793370
0408,AZ-08,AZ,3596427704,813094
0409,AZ-09,AZ,371184479,842342
0501,AR-01,AR,188571666,753369
0502,AR-02,AR,197997629,758976
0503,AR-03,AR,187807015,766477
0504,AR-04,AR,688712268,747069
0601,CA-01,CA,426817924,766941
0602,CA-02,CA,254362334,764439
0603,CA-03,CA,1589539146,768419
0604,CA-04,CA,65254882,758825
0605,CA-05,CA,355257562,773398
0606,CA-06,CA,308923411,756779
0607,CA-07,CA,256836627,760350
0608,CA-08,CA,386786085,746240
0609,CA-09,CA,518250136,770460
0610,CA-10,CA,587269464,762072
0611,CA-11,CA,512262811,702058
0612,CA-12,CA,1733780341,737766
0613,CA-13,CA,411956294,783282
0614,CA-14,CA,3843069876,752226
0615,CA-15,CA,80320161,738342
0616,CA-16,CA,2038013283,742459
0617,CA-17,CA,1737832374,733185
0618,CA-18,CA,474484594,734119
0619,CA-19,CA,983656167,767441
0620,CA-20,CA,1405490649,766063
0621,CA-21,CA,114842001,755683
0622,CA-22,CA,288756451,795088
0623,CA-23,CA,819291100,761286
0624,CA-24,CA,1111948296,763077
0625,CA-25,CA,1328571039,767946
0626,CA-26,CA,1450830196,751524
0627,CA-27,CA,904980798,748536
0628,CA-28,CA,3403686515,739036
0629,CA-29,CA,261101489,738555
0630,CA-30,CA,141300918,731165
0631,CA-31,CA,2964633834,738315
0632,CA-32,CA,2334169373,763531
0633,CA-33,CA,41717083,760127
0634,CA-34,CA,349461872,750705
0635,CA-35,CA,238712403,774713
0636,CA-36,CA,6860913819,722961
0637,CA-37,CA,152144737,752632
0638,CA-38,CA,280833781,743870
0639,CA-39,CA,371170062,767831
0640,CA-40,CA,262473753,753484
0641,CA-41,CA,193483226,789845
0642,CA-42,CA,2707177526,742949
0643,CA-43,CA,2244818495,736160
0644,CA-44,CA,199549066,754013
0645,CA-45,CA,256139029,748285
0646,CA-46,CA,-395740785,757761
0647,CA-47,CA,1148296301,755464
0648,CA-48,CA,1874301379,752792
0649,CA-49,CA,1686671483,765147
0650,CA-50,CA,5391542624,748297
0651,CA-51,CA,1927422682,762785
0652,CA-52,CA,3142166542,759409
0801,CO-01,CO,1067453718,716790
0802,CO-02,CO,979871050,717177
0803,CO-03,CO,529634950,734246
0804,CO-04,CO,1974946434,746626
0805,CO-05,CO,4042601850,731281
0806,CO-06,CO,1723684168,725034
0807,CO-07,CO,5680727224,716843
0808,CO-08,CO,109018342,724072
0901,CT-01,CT,7606987688,717721
0902,CT-02,CT,21885234978,729071
0903,CT-03,CT,5367274069,719381
0904,CT-04,CT,102381767,718640
0905,CT-05,CT,178471116,720784
1000,DE-00,DE,368123756,1003384
1198,DC-98,DC,31418571559,670050
1201,FL-01,FL,2431044064,775137
1202,FL-02,FL,770493738,785319
1203,FL-03,FL,184482680,779758
1204,FL-04,FL,1336504384,786011
1205,FL-05,FL,1090215310,784246
1206,FL-06,FL,276162010,786354
1207,FL-07,FL,170516463,768702
1208,FL-08,FL,7228961552,781963
1209,FL-09,FL,335614799,762639
1210,FL-10,FL,9308191211,777189
1211,FL-11,FL,71140967,807589
1212,FL-12,FL,134477928,778826
1213,FL-13,FL,1592157306,768563
1214,FL-14,FL,3552143266,775035
1215,FL-15,FL,182800924,800482
1216,FL-16,FL,90963340,789177
1217,FL-17,FL,126196796,801807
1218,FL-18,FL,105866250,785291
1219,FL-19,FL,378585170,788513
1220,FL-20,FL,559620674,750268
1221,FL-21,FL,154617470,785345
1222,FL-22,FL,157694600,774317
1223,FL-23,FL,601177564,773856
1224,FL-24,FL,91248546,756692
1225,FL-25,FL,200246823,768532
1226,FL-26,FL,476288475,775668
1227,FL-27,FL,223687131,747914
1228,FL-28,FL,626189585,765935
1301,GA-01,GA,1448207787,776100
1302,GA-02,GA,2005606261,769411
1303,GA-03,GA,83255644,773245
1304,GA-04,GA,605094961,756440
1305,GA-05,GA,1744050774,765685
1306,GA-06,GA,352185462,780668
1307,GA-07,GA,272025312,749673
1308,GA-08,GA,573426680,760317
1309,GA-09,GA,199248839,797012
1310,GA-10,GA,137641851,790768
1311,GA-11,GA,3009038938,772858
1312,GA-12,GA,976870972,766372
1313,GA-13,GA,90230821,763561
1314,GA-14,GA,152555216,777456
1501,HI-01,HI,4562549684,712947
1502,HI-02,HI,946979734,728606
1601,ID-01,ID,486417515,967737
1602,ID-02,ID,3447345878,933186
1701,IL-01,IL,79968074,731895
1702,IL-02,IL,183387970,758903
1703,IL-03,IL,103189157,723029
1704,IL-04,IL,190119364,721991
1705,IL-05,IL,107204668,779160
1706,IL-06,IL,138651637,754571
1707,IL-07,IL,1204963677,712378
1708,IL-08,IL,3094089724,752922
1709,IL-09,IL,1090646412,746898
1710,IL-10,IL,1307681586,751134
1711,IL-11,IL,2371906887,746018
1712,IL-12,IL,988196330,756783
1713,IL-13,IL,210306272,729837
1714,IL-14,IL,70352781,757967
1715,IL-15,IL,26599852,754165
1716,IL-16,IL,73558333,744298
1717,IL-17,IL,1134808322,749520
1801,IN-01,IN,46972221,754129
1802,IN-02,IN,1426977397,752280
1803,IN-03,IN,792588151,755001
1804,IN-04,IN,94253119,762956
1805,IN-05,IN,127696274,766044
1806,IN-06,IN,220949642,753496
1807,IN-07,IN,2845035680,749635
1808,IN-08,IN,1237193548,754451
1809,IN-09,IN,211906503,757993
1901,IA-01,IA,1183759520,794325
1902,IA-02,IA,1889740771,794283
1903,IA-03,IA,248859106,809127
1904,IA-04,IA,279761399,795344
2001,KS-01,KS,193701901,733038
2002,KS-02,KS,1675458833,731232
2003,KS-03,KS,386036853,737384
2004,KS-04,KS,1326786479,732928
2101,KY-01,KY,530982236,748599
2102,KY-02,KY,486408927,755942
2103,KY-03,KY,7295723262,745141
2104,KY-04,KY,277116663,759552
2105,KY-05,KY,300472709,749196
2106,KY-06,KY,1532787340,750964
2201,LA-01,LA,2338251607,775969
2202,LA-02,LA,606035056,762623
2203,LA-03,LA,567167116,762255
2204,LA-04,LA,658811176,768157
2205,LA-05,LA,116648012,770753
2206,LA-06,LA,467280398,784290
2301,ME-01,ME,3632454739,686648
2302,ME-02,ME,295263677,685599
2401,MD-01,MD,2696624249,780224
2402,MD-02,MD,2001525868,774740
2403,MD-03,MD,5875679669,771084
2404,MD-04,MD,4214319412,746989
2405,MD-05,MD,9089512851,789756
2406,MD-06,MD,2566795861,779649
2407,MD-07,MD,2956873568,745963
2408,MD-08,MD,10281963542,776724
2501,MA-01,MA,665942100,776085
2502,MA-02,MA,252933074,781228
2503,MA-03,MA,2462329489,775520
2504,MA-04,MA,138263365,777691
2505,MA-05,MA,4904342002,766453
2506,MA-06,MA,7622574238,780128
2507,MA-07,MA,2013944216,761699
2508,MA-08,MA,877403683,772956
2509,MA-09,MA,389068362,792963
2601,MI-01,MI,402665574,778886
2602,MI-02,MI,465084304,775529
2603,MI-03,MI,231621066,781872
2604,MI-04,MI,303540899,770400
2605,MI-05,MI,77798487,776969
2606,MI-06,MI,623602794,774940
2607,MI-07,MI,235207859,777572
2608,MI-08,MI,47472690,771412
2609,MI-09,MI,5279759,774843
2610,MI-10,MI,2194733405,775839
2611,MI-11,MI,544667927,764859
2612,MI-12,MI,624278158,775033
2613,MI-13,MI,851738143,752657
2701,MN-01,MN,143585136,714441
2702,MN-02,MN,151617384,722101
2703,MN-03,MN,1185596358,706411
2704,MN-04,MN,102867485,705033
2705,MN-05,MN,503818204,708012
2706,MN-06,MN,66307845,725893
2707,MN-07,MN,234914767,707323
2708,MN-08,MN,99946835,718176
2801,MS-01,MS,505769650,745526
2802,MS-02,MS,584590621,723186
2803,MS-03,MS,797631105,738621
2804,MS-04,MS,6113998437,742632
2901,MO-01,MO,9108498837,761805
2902,MO-02,MO,228561129,769003
2903,MO-03,MO,139389995,775035
2904,MO-04,MO,414443980,772047
2905,MO-05,MO,3623020754,771274
2906,MO-06,MO,123825340,771992
2907,MO-07,MO,103616714,775102
2908,MO-08,MO,230114016,771929
3001,MT-01,MT,557062225,556300
3002,MT-02,MT,589290664,547971
3101,NE-01,NE,807994592,658196
3102,NE-02,NE,94398362,656171
3103,NE-03,NE,363815849,649325
3201,NV-01,NV,601964598,757119
3202,NV-02,NV,1170551809,785611
3203,NV-03,NV,1452968821,806554
3204,NV-04,NV,805861457,794707
3301,NH-01,NH,1267687506,697387
3302,NH-02,NH,1646760416,691605
3401,NJ-01,NJ,523915222,772510
3402,NJ-02,NJ,459792239,782031
3403,NJ-03,NJ,3075422985,779042
3404,NJ-04,NJ,722636343,782528
3405,NJ-05,NJ,239080382,781335
3406,NJ-06,NJ,772834070,770928
3407,NJ-07,NJ,308065212,777024
3408,NJ-08,NJ,226608527,743665
3409,NJ-09,NJ,238631893,760340
3410,NJ-10,NJ,263880053,768400
3411,NJ-11,NJ,1876943457,769512
3412,NJ-12,NJ,623473049,779815
3501,NM-01,NM,6843419147,710196
3502,NM-02,NM,369925375,702024
3503,NM-03,NM,6274251150,703657
3601,NY-01,NY,1619453236,780204
3602,NY-02,NY,473500095,775593
3603,NY-03,NY,631339731,781920
3604,NY-04,NY,280223552,774038
3605,NY-05,NY,29237648,822717
3606,NY-06,NY,3972679,736965
3607,NY-07,NY,117390116,717913
3608,NY-08,NY,38309309,758070
3609,NY-09,NY,12797275,777866
3610,NY-10,NY,806099320,705068
3611,NY-11,NY,71564169,766546
3612,NY-12,NY,779237676,689590
3613,NY-13,NY,139865004,780825
3614,NY-14,NY,29834910,696136
3615,NY-15,NY,19402497,757465
3616,NY-16,NY,86759007,765635
3617,NY-17,NY,-74272352,776481
3618,NY-18,NY,321951086,776747
3619,NY-19,NY,131169543,779018
3620,NY-20,NY,381133013,774705
3621,NY-21,NY,669469327,776503
3622,NY-22,NY,1801002474,771373
3623,NY-23,NY,1307342038,778483
3624,NY-24,NY,241278466,772455
3625,NY-25,NY,1893424770,776267
3626,NY-26,NY,261172770,767330
3701,NC-01,NC,378050089,747139
3702,NC-02,NC,253358691,752758
3703,NC-03,NC,1422747084,749741
3704,NC-04,NC,1263590265,750874
3705,NC-05,NC,478466338,743662
3706,NC-06,NC,132587011,754077
3707,NC-07,NC,523542004,757948
3708,NC-08,NC,147966689,756029
3709,NC-09,NC,1215146438,755891
3710,NC-10,NC,225145347,754893
3711,NC-11,NC,2227032248,750100
3712,NC-12,NC,239878639,743616
3713,NC-13,NC,172655189,770237
3714,NC-14,NC,657794033,764197
3800,ND-00,ND,821216881,774948
3901,OH-01,OH,1639138961,786192
3902,OH-02,OH,1069479931,785898
3903,OH-03,OH,672280802,794704
3904,OH-04,OH,144969831,793670
3905,OH-05,OH,791890515,786607
3906,OH-06,OH,60200473,778845
3907,OH-07,OH,134741327,792610
3908,OH-08,OH,451387808,784419
3909,OH-09,OH,66586372,783751
3910,OH-10,OH,3475890063,784794
3911,OH-11,OH,380657190,767086
3912,OH-12,OH,295140397,793802
3913,OH-13,OH,267866669,783099
3914,OH-14,OH,165121212,785721
3915,OH-15,OH,215833892,778819
4001,OK-01,OK,1096674676,798974
4002,OK-02,OK,368106206,795387
4003,OK-03,OK,864791526,786296
4004,OK-04,OK,4002661846,797575
4005,OK-05,OK,469026469,808407
4101,OR-01,OR,303789125,701594
4102,OR-02,OR,511187597,710992
4103,OR-03,OR,538930554,699003
4104,OR-04,OR,393307615,708207
4105,OR-05,OR,265814605,713162
4106,OR-06,OR,68589094,713197
4201,PA-01,PA,697373435,763834
4202,PA-02,PA,520694390,767191
4203,PA-03,PA,262447363,741180
4204,PA-04,PA,8059267855,771749
4205,PA-05,PA,2260206011,754121
4206,PA-06,PA,370268376,768151
4207,PA-07,PA,211605284,771318
4208,PA-08,PA,1141164966,763499
4209,PA-09,PA,182708108,766968
4210,PA-10,PA,4295622553,764361
4211,PA-11,PA,263212053,772986
4212,PA-12,PA,6155294872,756600
4213,PA-13,PA,1120560792,762589
4214,PA-14,PA,300940727,761114
4215,PA-15,PA,499517829,758343
4216,PA-16,PA,322337893,763417
4217,PA-17,PA,279292042,756635
4401,RI-01,RI,711779545,545085
4402,RI-02,RI,193804488,550525
4501,SC-01,SC,797457938,744714
4502,SC-02,SC,4045476217,744260
4503,SC-03,SC,95337932,740035
4504,SC-04,SC,150024068,747967
4505,SC-05,SC,484940251,737349
4506,SC-06,SC,2454687468,730296
4507,SC-07,SC,298022058,746084
4600,SD-00,SD,804276682,895376
4701,TN-01,TN,1038125265,772206
4702,TN-02,TN,418888742,783395
4703,TN-03,TN,6592798740,776693
4704,TN-04,TN,724512489,781570
4705,TN-05,TN,616006551,775588
4706,TN-06,TN,105745929,768525
4707,TN-07,TN,395721794,784694
4708,TN-08,TN,176955525,764865
4709,TN-09,TN,884079603,767682
4801,TX-01,TX,358030234,775770
4802,TX-02,TX,127896714,756374
4803,TX-03,TX,2778109164,804464
4804,TX-04,TX,274232445,788283
4805,TX-05,TX,39973487,774952
4806,TX-06,TX,632594048,766924
4807,TX-07,TX,1765712645,793128
4808,TX-08,TX,357849726,821153
4809,TX-09,TX,278583989,738398
4810,TX-10,TX,229922469,775543
4811,TX-11,TX,99424501,766787
4812,TX-12,TX,31685185375,783568
4813,TX-13,TX,3227556206,770850
4814,TX-14,TX,680778718,767371
4815,TX-15,TX,303238751,778024
4816,TX-16,TX,1218575479,772269
4817,TX-17,TX,1817616166,787536
4818,TX-18,TX,524918463,758643
4819,TX-19,TX,151234875,772398
4820,TX-20,TX,2069186727,776074
4821,TX-21,TX,1789341081,799871
4822,TX-22,TX,25674332,811754
4823,TX-23,TX,1561511287,778183
4824,TX-24,TX,1359416521,746916
4825,TX-25,TX,380821395,784447
4826,TX-26,TX,304868492,800175
4827,TX-27,TX,254550374,775401
4828,TX-28,TX,550952979,771913
4829,TX-29,TX,207000440,740023
4830,TX-30,TX,404966426,780295
4831,TX-31,TX,937838079,801721
4832,TX-32,TX,471813445,755403
4833,TX-33,TX,22506179996,785806
4834,TX-34,TX,3143885333,768385
4835,TX-35,TX,1261932785,760005
4836,TX-36,TX,1743909583,782741
4837,TX-37,TX,521566120,772674
4838,TX-38,TX,298925863,783719
4901,UT-01,UT,3410584089,836389
4902,UT-02,UT,1439847969,833949
4903,UT-03,UT,177278367,827399
4904,UT-04,UT,193958121,840238
5000,VT-00,VT,877183699,645570
5101,VA-01,VA,909642025,805071
5102,VA-02,VA,7806542477,784186
5103,VA-03,VA,10256319292,782300
5104,VA-04,VA,698843650,777131
5105,VA-05,VA,555258380,790423
5106,VA-06,VA,851852640,785188
5107,VA-07,VA,34447170416,798670
5108,VA-08,VA,25629928699,770372
5109,VA-09,VA,396112261,783312
5110,VA-10,VA,5128030473,791467
5111,VA-11,VA,33743197947,774154
5301,WA-01,WA,430793467,770301
5302,WA-02,WA,561330067,775616
5303,WA-03,WA,206284230,782709
5304,WA-04,WA,4642515672,778838
5305,WA-05,WA,397312388,781418
5306,WA-06,WA,1899424367,776259
5307,WA-07,WA,5520208269,770448
5308,WA-08,WA,248075388,782989
5309,WA-09,WA,1208596510,750581
5310,WA-10,WA,696607081,769533
5401,WV-01,WV,243619855,881980
5402,WV-02,WV,1632837327,900979
5501,WI-01,WI,521460653,732414
5502,WI-02,WI,405941902,739669
5503,WI-03,WI,2734882794,734834
5504,WI-04,WI,307251617,732094
5505,WI-05,WI,311229578,737380
5506,WI-06,WI,1611617831,738026
5507,WI-07,WI,65637454,744643
5508,WI-08,WI,306153762,736848
5600,WY-00,WY,496865115,578803
