from_state,to_state,returns,people,agi_k
AK,WA,1600,2642,122661
AK,TX,1349,2738,104785
AK,CA,1143,1903,71061
AK,FL,970,1916,73719
AK,AZ,926,1630,69023
AK,OR,755,1200,52140
AL,GA,8527,15500,466822
AL,FL,7060,12289,524870
AL,TN,4554,7613,292191
AL,TX,4359,7913,296646
AL,MS,2588,4788,151275
AL,NC,1904,3351,125401
AR,TX,6498,11833,406707
AR,MO,3143,5808,153147
AR,OK,2929,5580,137913
AR,TN,1839,3286,99743
AR,FL,1743,3147,168386
AR,CA,1313,2218,84430
AZ,CA,16283,26082,1224370
AZ,TX,9966,17750,800298
AZ,WA,5803,9327,514379
AZ,CO,5683,8903,466663
AZ,FL,5096,8474,482120
AZ,IL,3606,5634,256413
CA,TX,44417,82481,4764727
CA,AZ,28402,47885,2486771
CA,NV,26210,43801,2688408
CA,WA,24625,38093,2745848
CA,NY,20595,25783,2830915
CA,FL,20241,34248,2639386
CO,TX,12275,21783,1088464
CO,CA,9699,14394,877153
CO,FL,9070,15384,954126
CO,AZ,6012,9585,584461
CO,WA,3935,6024,340922
CO,NC,3423,5995,289070
CT,NY,10486,14645,1203524
CT,FL,7668,12876,1210370
CT,MA,6467,8711,556383
CT,CA,2534,3536,312205
CT,NC,2442,4184,228226
CT,TX,2170,3755,237316
DC,MD,9213,15055,936201
DC,VA,6502,9007,872816
DC,NY,2586,2911,293510
DC,CA,1789,2217,217251
DC,FL,1200,1645,213006
DC,TX,941,1298,113337
DE,PA,3885,6237,294829
DE,MD,2955,4909,193944
DE,FL,1546,2618,169481
DE,NJ,1241,1971,92985
DE,NY,914,1346,64812
DE,VA,854,1415,67496
FL,GA,28263,50483,1840880
FL,TX,24196,41655,1694541
FL,NY,22011,32133,1977363
FL,NC,20553,34859,1589532
FL,CA,14113,21724,1328212
FL,TN,12505,21857,945287
GA,FL,23475,40689,2144313
GA,TX,10897,19575,748318
GA,SC,9309,16296,752790
GA,AL,9224,17174,563162
GA,NC,9082,15632,651635
GA,TN,8430,14326,618009
HI,CA,5048,8376,407630
HI,WA,2451,4424,183104
HI,TX,2381,5069,160275
HI,NV,1863,3445,125582
HI,FL,1553,2977,120605
HI,VA,1169,2641,98062
IA,IL,4586,7326,246084
IA,NE,3156,5090,166471
IA,MN,2819,4357,179660
IA,TX,2432,4143,170468
IA,FL,2080,3537,225146
IA,MO,2029,3602,122426
ID,WA,5146,8508,316568
ID,UT,3531,6327,186478
ID,CA,3092,5172,256283
ID,OR,2534,4395,142057
ID,AZ,1745,3043,122048
ID,TX,1732,3358,119902
IL,FL,14834,24958,3309769
IL,IN,12570,22165,846818
IL,TX,12078,21406,1247177
IL,WI,11331,17253,915001
IL,CA,10407,14931,1130088
IL,MO,8668,13469,551976
IN,IL,10141,16199,568162
IN,FL,7615,13343,796728
IN,KY,5294,8822,277285
IN,OH,5172,8349,307794
IN,MI,5153,8943,338565
IN,TX,4631,7998,313914
KS,MO,12138,19555,837336
KS,TX,4667,8598,321031
KS,OK,2651,4880,148885
KS,CO,2283,3781,149695
KS,FL,2142,3802,212531
KS,CA,1711,2867,114859
KY,OH,6362,10139,362582
KY,IN,5940,10191,336759
KY,TN,5634,9714,313358
KY,FL,4578,7894,511311
KY,TX,2642,4894,186183
KY,IL,1741,2883,108079
LA,TX,15068,27449,858514
LA,MS,3689,6882,219978
LA,FL,3359,5814,303676
LA,GA,2194,3938,115357
LA,CA,2019,3223,141899
LA,TN,1551,2691,106894
MA,FL,12159,19927,2541416
MA,NY,11027,13534,1062862
MA,NH,10603,16174,1428201
MA,CA,7767,10215,903230
MA,RI,6510,9613,571899
MA,CT,6006,8873,519656
MD,VA,15079,23697,1252333
MD,FL,9442,15937,1323472
MD,PA,8992,14328,664145
MD,DC,7688,11241,573413
MD,NC,5264,8902,437147
MD,TX,5180,9313,460117
ME,MA,2229,2914,173308
ME,FL,2185,3483,229664
ME,NH,1972,2827,129512
ME,NY,963,1273,76784
ME,NC,716,1172,50268
ME,CA,622,904,47711
MI,FL,10659,17716,1264547
MI,TX,6285,11035,481183
MI,OH,5970,9506,358072
MI,IL,5881,7894,440604
MI,CA,5218,7596,498041
MI,IN,4718,7858,294985
MN,WI,8003,12172,630907
MN,FL,4951,8727,859089
MN,TX,4294,7586,409609
MN,ND,4094,5921,222960
MN,CA,3299,4778,326822
MN,AZ,3090,4889,410711
MO,KS,10597,16927,691026
MO,IL,7622,11785,475491
MO,TX,6709,11812,478589
MO,FL,5034,8827,592591
MO,AR,3265,5776,175296
MO,CA,3246,5027,250216
MS,TN,5641,9905,271235
MS,TX,4839,8700,238478
MS,AL,3287,5847,182236
MS,LA,3108,5591,153562
MS,FL,2359,4111,180198
MS,GA,1877,3301,90814
MT,WA,1936,2912,122371
MT,CA,1338,2046,95234
MT,AZ,1144,1856,91731
MT,CO,1085,1591,71454
MT,ID,1078,1821,64180
MT,TX,1047,1859,79849
NC,SC,18026,32282,1518160
NC,FL,14530,25024,1398938
NC,VA,12599,22403,866918
NC,GA,8487,15003,590233
NC,TX,8387,15133,597446
NC,NY,6906,10329,436704
ND,MN,4007,6396,241494
ND,TX,920,1772,64406
ND,AZ,680,1132,55769
ND,SD,676,1131,43341
ND,FL,596,1107,52515
ND,CO,538,896,35178
NE,IA,3172,5503,182802
NE,TX,2087,3791,152497
NE,CO,1802,2752,114384
NE,FL,1411,2559,138685
NE,KS,1267,2176,76505
NE,MO,1107,1875,67899
NH,MA,6594,9174,557595
NH,FL,2696,4426,418349
NH,ME,2595,3878,192084
NH,VT,1243,1865,78232
NH,NY,1238,1642,96580
NH,NC,930,1637,82152
NJ,NY,26793,38722,2968560
NJ,FL,20113,34761,2957951
NJ,PA,18767,29887,1560578
NJ,CA,6470,9468,821097
NJ,TX,6059,11408,679153
NJ,NC,6003,10675,571909
NM,TX,7469,13834,510532
NM,AZ,3435,5969,207629
NM,CO,2743,4498,196673
NM,CA,2364,3778,159746
NM,FL,1452,2607,109777
NM,WA,946,1525,69283
NV,CA,14775,25024,1172689
NV,TX,4905,8997,385345
NV,AZ,4057,6991,315619
NV,FL,3449,5914,366691
NV,UT,2790,5085,190700
NV,WA,2609,4289,184960
NY,NJ,43699,73471,5111276
NY,FL,43187,71476,5753306
NY,PA,20643,35081,1464521
NY,CA,18440,24798,2838418
NY,CT,15535,26693,2411957
NY,NC,13811,23548,1054655
OH,FL,13170,21767,1578098
OH,KY,6769,10868,413306
OH,TX,6519,11057,507321
OH,MI,5728,9343,393557
OH,PA,5284,8364,320366
OH,IN,5279,8621,321761
OK,TX,10157,18390,667452
OK,AR,2953,5595,133710
OK,KS,2280,4199,121806
OK,FL,2213,3998,171263
OK,CA,2178,3643,117124
OK,MO,1938,3455,95770
OR,WA,15339,23898,1376362
OR,CA,10369,15353,863548
OR,TX,4018,7167,360331
OR,AZ,4007,6453,392021
OR,ID,3156,5732,231309
OR,FL,2289,3915,188049
PA,FL,16395,27392,1973502
PA,NJ,16075,25412,1392041
PA,NY,14412,21120,1084672
PA,MD,7619,11861,553250
PA,NC,7061,11748,566833
PA,CA,6617,8987,705710
RI,MA,5218,7558,386682
RI,FL,2235,3739,271312
RI,CT,1769,2739,124871
RI,NY,1322,1719,95270
RI,CA,754,1143,64198
RI,TX,560,984,46347
SC,NC,15305,25354,1001340
SC,GA,8328,14440,505448
SC,FL,7188,12237,552763
SC,VA,3717,6476,254455
SC,TX,3703,6568,257890
SC,NY,3037,4709,171615
SD,MN,1855,3023,105521
SD,IA,977,1616,58277
SD,TX,926,1653,58601
SD,NE,907,1516,48544
SD,AZ,901,1466,65853
SD,CO,716,1089,40552
TN,FL,9475,16593,815976
TN,GA,7832,13845,522982
TN,TX,6776,12226,522944
TN,MS,5685,10602,301570
TN,KY,5516,10153,294458
TN,AL,4905,8763,324148
TX,CA,24970,41232,2384297
TX,FL,20050,35016,1838742
TX,CO,14923,25282,1326579
TX,OK,11582,21762,733297
TX,LA,10522,19642,566719
TX,NY,9433,13765,930347
UT,CA,4787,8013,363946
UT,TX,3597,7251,291372
UT,AZ,3210,6079,245919
UT,ID,3137,6276,201576
UT,NV,2473,4490,203303
UT,WA,2362,3975,177038
VA,NC,15148,26310,1203497
VA,FL,14194,25540,1684302
VA,MD,13353,21646,1173876
VA,TX,9124,17038,829313
VA,CA,8264,13940,763296
VA,NY,6504,9263,520810
VT,NY,1546,2106,103524
VT,NH,1353,1994,87363
VT,MA,1339,1706,96067
VT,FL,1043,1634,107070
VT,NC,537,848,39498
VT,ME,503,698,33761
WA,CA,17871,27750,2077271
WA,OR,12212,18883,888892
WA,TX,9863,19119,1177650
WA,AZ,8011,13636,899193
WA,ID,6151,11112,524598
WA,FL,5661,10597,745422
WI,MN,8321,11869,502975
WI,IL,8111,11973,545970
WI,FL,5044,8428,625431
WI,TX,3710,6450,276884
WI,CA,2645,3860,218430
WI,AZ,2415,3871,183404
WV,OH,3157,5442,158476
WV,VA,2725,4520,154716
WV,PA,1931,3063,113708
WV,MD,1608,2664,86523
WV,FL,1562,2608,140591
WV,NC,1487,2470,93421
WY,CO,1874,2897,129923
WY,UT,958,1667,61053
WY,TX,827,1575,64072
WY,MT,700,1120,42062
WY,ID,645,1179,46516
WY,AZ,619,1049,44820
