cmte_id,state,is_home_state,contributions,amount
C00000935,AA,0,15,21337
C00000935,AE,0,304,15399
C00000935,AK,0,1994,192316
C00000935,AL,0,6107,409703
C00000935,AP,0,9,1275
C00000935,AR,0,3132,151677
C00000935,AZ,0,15917,1248975
C00000935,CA,0,172967,30995424
C00000935,CO,0,20038,2638162
C00000935,CT,0,14716,3003434
C00000935,DC,0,9198,2593858
C00000935,DE,0,3437,375245
C00000935,FL,0,43873,4511396
C00000935,GA,0,15919,1468992
C00000935,GU,0,11,475
C00000935,HI,0,4764,440105
C00000935,IA,0,5901,461867
C00000935,ID,0,2989,200363
C00000935,IL,0,29139,5818297
C00000935,IN,0,10324,910040
C00000935,KS,0,4462,438433
C00000935,KY,0,5106,544010
C00000935,LA,0,4350,335258
C00000935,MA,0,33989,7430948
C00000935,MD,0,30651,4789878
C00000935,ME,0,4603,557647
C00000935,MI,0,21138,1647101
C00000935,MN,0,14720,1623963
C00000935,MO,0,10619,1312037
C00000935,MP,0,8,400
C00000935,MS,0,1812,137107
C00000935,MT,0,2536,169745
C00000935,NC,0,19576,2094569
C00000935,ND,0,985,54356
C00000935,NE,0,2397,172458
C00000935,NH,0,4196,938682
C00000935,NJ,0,25601,2219853
C00000935,NM,0,8932,732447
C00000935,NV,0,6096,675665
C00000935,NY,0,76899,12631951
C00000935,OH,0,20396,1581944
C00000935,OK,0,5415,538718
C00000935,OR,0,17780,1944809
C00000935,PA,0,32283,3170673
C00000935,PR,0,339,214090
C00000935,RI,0,3261,378293
C00000935,SC,0,7729,602876
C00000935,SD,0,1348,113822
C00000935,TN,0,9384,1189346
C00000935,TX,0,43209,4923006
C00000935,UT,0,4271,306959
C00000935,VA,0,26577,3673887
C00000935,VI,0,281,8563
C00000935,VT,0,3191,415817
C00000935,WA,0,39049,4855226
C00000935,WI,0,10970,880519
C00000935,WV,0,1895,123238
C00000935,WY,0,1067,142085
C00000935,ZZ,0,1826,529970
C00003418,AA,0,5,175
C00003418,AE,0,78,8844
C00003418,AK,0,3548,206750
C00003418,AL,0,14944,1502312
C00003418,AP,0,2,271
C00003418,AR,0,7699,586536
C00003418,AS,0,7,690
C00003418,AZ,0,29200,2317789
C00003418,CA,0,95772,9012591
C00003418,CO,0,16256,1642347
C00003418,CT,0,7560,1096407
C00003418,DC,0,791,139270
C00003418,DE,0,3196,211033
C00003418,FL,0,88701,9455606
C00003418,GA,0,32649,2927143
C00003418,GU,0,149,12472
C00003418,HI,0,2057,194390
C00003418,IA,0,7131,611726
C00003418,ID,0,8148,588252
C00003418,IL,0,30058,2810377
C00003418,IN,0,15789,1369679
C00003418,KS,0,9089,893489
C00003418,KY,0,11095,797729
C00003418,LA,0,12857,961970
C00003418,MA,0,11676,1095829
C00003418,MD,0,16619,1222406
C00003418,ME,0,3193,209212
C00003418,MI,0,27820,2738967
C00003418,MN,0,14021,1265213
C00003418,MO,0,16608,1376178
C00003418,MP,0,11,261
C00003418,MS,0,8653,626182
C00003418,MT,0,4969,335331
C00003418,NC,0,24295,2459691
C00003418,ND,0,3001,265267
C00003418,NE,0,5217,542914
C00003418,NH,0,4588,362188
C00003418,NJ,0,21164,1755104
C00003418,NM,0,5048,423084
C00003418,NV,0,11625,1368940
C00003418,NY,0,34962,3906926
C00003418,OH,0,26370,2972860
C00003418,OK,0,13967,1322877
C00003418,OR,0,13066,892662
C00003418,PA,0,29702,2516365
C00003418,PR,0,158,21769
C00003418,RI,0,1285,171345
C00003418,SC,0,17767,1319132
C00003418,SD,0,2469,263561
C00003418,TN,0,18765,2274300
C00003418,TX,0,92761,9928437
C00003418,UT,0,8120,665991
C00003418,VA,0,25901,2585625
C00003418,VI,0,25,3380
C00003418,VT,0,1015,90620
C00003418,WA,0,21740,1648446
C00003418,WI,0,13433,1482360
C00003418,WV,0,4256,313845
C00003418,WY,0,3804,554239
C00010603,AA,0,5,2050
C00010603,AE,0,223,33787
C00010603,AK,0,1515,199496
C00010603,AL,0,3346,437008
C00010603,AP,0,49,7251
C00010603,AR,0,2390,363010
C00010603,AS,0,9,430
C00010603,AZ,0,9906,1264107
C00010603,CA,0,100490,20675953
C00010603,CO,0,14142,2245626
C00010603,CT,0,8518,2241700
C00010603,DC,0,6569,1869425
C00010603,DE,0,2430,389067
C00010603,FL,0,27398,4822730
C00010603,GA,0,10239,1269616
C00010603,GU,0,54,8045
C00010603,HI,0,2667,500081
C00010603,IA,0,3680,589269
C00010603,ID,0,2283,308740
C00010603,IL,0,20501,3368353
C00010603,IN,0,7396,983547
C00010603,KS,0,3718,511110
C00010603,KY,0,3653,500597
C00010603,LA,0,2831,484696
C00010603,MA,0,20892,4624302
C00010603,MD,0,19653,3614443
C00010603,ME,0,3548,740386
C00010603,MI,0,14001,2160439
C00010603,MN,0,9566,1398698
C00010603,MO,0,8043,1076331
C00010603,MP,0,6,1013
C00010603,MS,0,1313,237495
C00010603,MT,0,1452,236820
C00010603,NC,0,15392,2202668
C00010603,ND,0,600,68635
C00010603,NE,0,1927,255375
C00010603,NH,0,3120,495422
C00010603,NJ,0,14089,2249655
C00010603,NM,0,6221,1014668
C00010603,NV,0,3963,664209
C00010603,NY,0,40610,11421749
C00010603,OH,0,12694,1800402
C00010603,OK,0,3555,505395
C00010603,OR,0,15007,2222856
C00010603,PA,0,19523,3460040
C00010603,PR,0,274,53122
C00010603,PW,0,1,100
C00010603,RI,0,2101,342065
C00010603,SC,0,5366,666040
C00010603,SD,0,1009,142437
C00010603,TN,0,6769,1083982
C00010603,TX,0,25968,3783615
C00010603,UT,0,3328,443678
C00010603,VA,0,20395,3281983
C00010603,VI,0,142,24525
C00010603,VT,0,2697,466592
C00010603,WA,0,26901,5042528
C00010603,WI,0,7104,1017189
C00010603,WV,0,1296,198186
C00010603,WY,0,980,533669
C00010603,ZZ,0,1435,442480
C00019331,AE,0,3,380
C00019331,AK,0,76,5885
C00019331,AL,0,76,6767
C00019331,AP,0,2,54
C00019331,AR,0,84,4341
C00019331,AZ,0,315,41074
C00019331,CA,0,10395,3588613
C00019331,CO,0,498,215157
C00019331,CT,0,652,194888
C00019331,DC,0,1259,500252
C00019331,DE,0,73,22557
C00019331,FL,0,818,169863
C00019331,GA,0,332,103572
C00019331,GU,0,16,462
C00019331,HI,0,132,28369
C00019331,IA,0,141,22979
C00019331,ID,0,89,13362
C00019331,IL,0,5449,2000083
C00019331,IN,0,291,44970
C00019331,KS,0,55,11899
C00019331,KY,0,51,55944
C00019331,LA,0,110,11538
C00019331,MA,0,2447,884576
C00019331,MD,0,1513,335565
C00019331,ME,0,114,26425
C00019331,MI,0,424,52931
C00019331,MN,0,1245,247123
C00019331,MO,0,260,29963
C00019331,MS,0,22,4775
C00019331,MT,0,55,9732
C00019331,NC,0,369,87318
C00019331,ND,0,29,1705
C00019331,NE,0,72,7062
C00019331,NH,0,149,14456
C00019331,NJ,0,982,210165
C00019331,NM,0,260,31167
C00019331,NV,0,129,18126
C00019331,NY,0,4617,2997133
C00019331,OH,0,353,58158
C00019331,OK,0,82,14605
C00019331,OR,0,738,139506
C00019331,PA,0,709,107170
C00019331,PR,0,2,800
C00019331,RI,0,135,26768
C00019331,SC,0,142,32489
C00019331,SD,0,12,2873
C00019331,TN,0,268,24202
C00019331,TX,0,1084,188531
C00019331,UT,0,72,44896
C00019331,VA,0,859,127805
C00019331,VI,0,2,1010
C00019331,VT,0,80,17840
C00019331,WA,0,2241,619152
C00019331,WI,0,26822,4734977
C00019331,WV,0,36,9815
C00019331,WY,0,28,36721
C00019331,ZZ,0,269,29915
C00027466,AA,0,4,80
C00027466,AE,0,83,1041
C00027466,AK,0,7127,281503
C00027466,AL,0,27942,1577249
C00027466,AP,0,58,3171
C00027466,AR,0,17573,860990
C00027466,AZ,0,63162,2775873
C00027466,CA,0,198768,10620539
C00027466,CO,0,37274,2132638
C00027466,CT,0,13134,1362643
C00027466,DC,0,2385,1166581
C00027466,DE,0,5288,218282
C00027466,FL,0,185765,10738568
C00027466,GA,0,66430,3187534
C00027466,GU,0,63,1448
C00027466,HI,0,5600,213764
C00027466,IA,0,12440,530369
C00027466,ID,0,16724,703640
C00027466,IL,0,50855,3017920
C00027466,IN,0,32594,1229645
C00027466,KS,0,18905,859974
C00027466,KY,0,14788,629418
C00027466,LA,0,27607,1226937
C00027466,MA,0,19923,1218486
C00027466,MD,0,27272,1462661
C00027466,ME,0,6342,248430
C00027466,MI,0,45461,2503556
C00027466,MN,0,26228,1161156
C00027466,MO,0,35441,1804659
C00027466,MP,0,23,708
C00027466,MS,0,13451,626834
C00027466,MT,0,10787,420964
C00027466,NC,0,49694,2720510
C00027466,ND,0,4657,271570
C00027466,NE,0,11807,500291
C00027466,NH,0,9021,296416
C00027466,NJ,0,34818,1702739
C00027466,NM,0,11743,576551
C00027466,NV,0,24729,1342843
C00027466,NY,0,58973,4973447
C00027466,OH,0,52814,2613905
C00027466,OK,0,26026,1211007
C00027466,OR,0,30087,1108154
C00027466,PA,0,51949,2772888
C00027466,PR,0,159,203930
C00027466,RI,0,2730,127106
C00027466,SC,0,34586,1373785
C00027466,SD,0,6033,265356
C00027466,TN,0,37899,2323891
C00027466,TX,0,242317,13044897
C00027466,UT,0,19991,869858
C00027466,VA,0,48465,3956606
C00027466,VI,0,8,41660
C00027466,VT,0,1536,66211
C00027466,WA,0,45321,1916985
C00027466,WI,0,22899,1364132
C00027466,WV,0,6596,244904
C00027466,WY,0,7297,403029
C00027466,ZZ,0,1,100
C00042366,AA,0,1,1000
C00042366,AE,0,128,10270
C00042366,AK,0,1731,193701
C00042366,AL,0,4954,434635
C00042366,AP,0,28,6055
C00042366,AR,0,3851,284487
C00042366,AZ,0,16674,1208564
C00042366,CA,0,147082,20156051
C00042366,CO,0,17908,2249991
C00042366,CT,0,13037,2716368
C00042366,DC,0,7183,3322882
C00042366,DE,0,3321,388702
C00042366,FL,0,43373,4514266
C00042366,GA,0,15379,1340152
C00042366,GU,0,49,2143
C00042366,HI,0,4415,463767
C00042366,IA,0,5449,365780
C00042366,ID,0,3649,247492
C00042366,IL,0,27490,4094941
C00042366,IN,0,8955,854647
C00042366,KS,0,4983,411556
C00042366,KY,0,5285,551811
C00042366,LA,0,3852,431321
C00042366,MA,0,28127,6564637
C00042366,MD,0,26929,3662321
C00042366,ME,0,4687,529972
C00042366,MI,0,20078,2225615
C00042366,MN,0,13478,1267247
C00042366,MO,0,10730,916600
C00042366,MP,0,4,3635
C00042366,MS,0,2539,182795
C00042366,MT,0,2533,163425
C00042366,NC,0,19386,1708941
C00042366,ND,0,656,43976
C00042366,NE,0,2447,201081
C00042366,NH,0,5109,582087
C00042366,NJ,0,21819,2123975
C00042366,NM,0,8719,749293
C00042366,NV,0,6521,533998
C00042366,NY,0,62436,13062975
C00042366,OH,0,19378,1756781
C00042366,OK,0,5231,545319
C00042366,OR,0,17262,1738929
C00042366,PA,0,28899,3121044
C00042366,PR,0,224,113230
C00042366,RI,0,3211,349929
C00042366,SC,0,6823,585614
C00042366,SD,0,1344,95088
C00042366,TN,0,10363,1065302
C00042366,TX,0,43594,4522050
C00042366,UT,0,4423,304288
C00042366,VA,0,25641,3401627
C00042366,VI,0,261,55742
C00042366,VT,0,2415,333423
C00042366,WA,0,34653,4339325
C00042366,WI,0,9816,902219
C00042366,WV,0,2045,121709
C00042366,WY,0,1296,212238
C00042366,ZZ,0,669,131283
C00075820,AA,0,3,103
C00075820,AE,0,3,337
C00075820,AK,0,2329,101159
C00075820,AL,0,9453,589936
C00075820,AP,0,10,350
C00075820,AR,0,5428,367235
C00075820,AS,0,8,240
C00075820,AZ,0,19718,1020349
C00075820,CA,0,72262,4747749
C00075820,CO,0,14472,940734
C00075820,CT,0,5459,342047
C00075820,DC,0,1264,260683
C00075820,DE,0,1861,80366
C00075820,FL,0,64558,4397221
C00075820,GA,0,22936,1252453
C00075820,GU,0,50,1422
C00075820,HI,0,1861,96677
C00075820,IA,0,4390,254084
C00075820,ID,0,5952,372683
C00075820,IL,0,18919,1093909
C00075820,IN,0,11407,564240
C00075820,KS,0,6524,389286
C00075820,KY,0,4912,433629
C00075820,LA,0,10231,601484
C00075820,MA,0,8091,525749
C00075820,MD,0,10349,626015
C00075820,ME,0,2242,108100
C00075820,MI,0,16292,1090855
C00075820,MN,0,9936,525795
C00075820,MO,0,11205,672751
C00075820,MP,0,32,1090
C00075820,MS,0,5542,259782
C00075820,MT,0,3506,152741
C00075820,NC,0,15420,1018665
C00075820,ND,0,1539,92148
C00075820,NE,0,3837,219943
C00075820,NH,0,3579,170890
C00075820,NJ,0,12653,785200
C00075820,NM,0,3779,260240
C00075820,NV,0,9084,563714
C00075820,NY,0,23872,1981624
C00075820,OH,0,19164,1140923
C00075820,OK,0,7849,496245
C00075820,OR,0,8636,463064
C00075820,PA,0,19972,1280593
C00075820,PR,0,314,128358
C00075820,RI,0,938,54652
C00075820,SC,0,12381,625488
C00075820,SD,0,1852,187798
C00075820,TN,0,12252,960231
C00075820,TX,0,71007,4833493
C00075820,UT,0,6378,304947
C00075820,VA,0,18000,1560700
C00075820,VI,0,21,1413
C00075820,VT,0,822,37738
C00075820,WA,0,15812,910549
C00075820,WI,0,8243,473189
C00075820,WV,0,2273,114244
C00075820,WY,0,2785,147188
C00075820,ZZ,0,4,200
C00193433,AE,0,32,1185
C00193433,AK,0,634,53280
C00193433,AL,0,541,68636
C00193433,AP,0,23,765
C00193433,AR,0,613,46678
C00193433,AZ,0,3196,329952
C00193433,CA,0,37425,4304761
C00193433,CO,0,4236,543275
C00193433,CT,0,2988,354527
C00193433,DC,0,2431,404357
C00193433,DE,0,333,45952
C00193433,FL,0,8562,886875
C00193433,GA,0,2302,217329
C00193433,HI,0,991,87836
C00193433,IA,0,695,88167
C00193433,ID,0,674,56170
C00193433,IL,0,6768,762981
C00193433,IN,0,1535,162940
C00193433,KS,0,1007,92156
C00193433,KY,0,738,57098
C00193433,LA,0,612,48812
C00193433,MA,0,10019,1128524
C00193433,MD,0,5570,678133
C00193433,ME,0,1157,142634
C00193433,MI,0,4603,385938
C00193433,MN,0,3024,314334
C00193433,MO,0,1948,183945
C00193433,MS,0,196,13881
C00193433,MT,0,613,45944
C00193433,NC,0,3994,378938
C00193433,ND,0,150,15133
C00193433,NE,0,462,50978
C00193433,NH,0,803,112963
C00193433,NJ,0,4504,449784
C00193433,NM,0,2540,294629
C00193433,NV,0,912,85923
C00193433,NY,0,14778,1989286
C00193433,OH,0,4167,434467
C00193433,OK,0,1087,66613
C00193433,OR,0,5230,512540
C00193433,PA,0,5224,658162
C00193433,PR,0,12,280
C00193433,RI,0,529,76351
C00193433,SC,0,1105,118281
C00193433,SD,0,314,18577
C00193433,TN,0,1838,182482
C00193433,TX,0,7591,817401
C00193433,UT,0,773,84521
C00193433,VA,0,5458,580676
C00193433,VI,0,4,275
C00193433,VT,0,1048,108561
C00193433,WA,0,8582,940238
C00193433,WI,0,1920,252538
C00193433,WV,0,259,49668
C00193433,WY,0,284,34770
C00193433,ZZ,0,297,24664
C00264697,AA,0,3,6850
C00264697,AE,0,110,2949
C00264697,AK,0,771,52991
C00264697,AL,0,1175,86517
C00264697,AP,0,26,2031
C00264697,AR,0,1248,70453
C00264697,AZ,0,6217,376950
C00264697,CA,0,72624,7593671
C00264697,CO,0,8143,862819
C00264697,CT,0,7844,680818
C00264697,DC,0,5657,1362081
C00264697,DE,0,1488,120124
C00264697,FL,0,16818,1305115
C00264697,GA,0,5128,392072
C00264697,GU,0,2,200
C00264697,HI,0,2271,170376
C00264697,IA,0,1483,98301
C00264697,ID,0,968,73282
C00264697,IL,0,14310,1710504
C00264697,IN,0,4591,293755
C00264697,KS,0,1803,83151
C00264697,KY,0,3939,229588
C00264697,LA,0,1241,122072
C00264697,MA,0,17375,2743729
C00264697,MD,0,13108,1562559
C00264697,ME,0,2268,218455
C00264697,MI,0,9026,636181
C00264697,MN,0,4460,435196
C00264697,MO,0,3172,311939
C00264697,MS,0,392,30111
C00264697,MT,0,607,58157
C00264697,NC,0,8367,531597
C00264697,ND,0,176,17308
C00264697,NE,0,926,78246
C00264697,NH,0,1966,196545
C00264697,NJ,0,10640,815546
C00264697,NM,0,3995,354909
C00264697,NV,0,1812,242568
C00264697,NY,0,33676,4287483
C00264697,OH,1,178986,14565599
C00264697,OK,0,2183,133424
C00264697,OR,0,8162,655701
C00264697,PA,0,13307,1139336
C00264697,PR,0,112,6455
C00264697,RI,0,1467,185102
C00264697,SC,0,2533,250048
C00264697,SD,0,580,24037
C00264697,TN,0,3485,293360
C00264697,TX,0,15705,1447608
C00264697,UT,0,1156,149367
C00264697,VA,0,12239,1343211
C00264697,VI,0,16,1325
C00264697,VT,0,1458,178363
C00264697,WA,0,17254,1469377
C00264697,WI,0,3595,286379
C00264697,WV,0,1190,91417
C00264697,WY,0,386,96748
C00264697,ZZ,0,642,81308
C00326801,AA,0,1,250
C00326801,AE,0,34,1512
C00326801,AK,0,257,30170
C00326801,AL,0,382,29799
C00326801,AP,0,1,125
C00326801,AR,0,385,23656
C00326801,AZ,0,1732,196952
C00326801,CA,0,23724,4283126
C00326801,CO,0,2742,462479
C00326801,CT,0,1980,288408
C00326801,DC,0,2060,787908
C00326801,DE,0,269,45619
C00326801,FL,0,4475,593664
C00326801,GA,0,1203,200496
C00326801,HI,0,795,82924
C00326801,IA,0,755,75139
C00326801,ID,0,349,37585
C00326801,IL,0,8140,1289130
C00326801,IN,0,1173,93511
C00326801,KS,0,539,53741
C00326801,KY,0,635,62048
C00326801,LA,0,374,42764
C00326801,MA,0,5728,1434115
C00326801,MD,0,3463,589086
C00326801,ME,0,690,84010
C00326801,MI,0,2971,253476
C00326801,MN,0,4313,459111
C00326801,MO,0,1057,131644
C00326801,MS,0,59,12814
C00326801,MT,0,218,28120
C00326801,NC,0,2391,197498
C00326801,ND,0,198,10806
C00326801,NE,0,352,33435
C00326801,NH,0,735,93689
C00326801,NJ,0,2625,333731
C00326801,NM,0,1291,145612
C00326801,NV,0,540,113234
C00326801,NY,0,9700,2213568
C00326801,OH,0,1962,209335
C00326801,OK,0,684,63867
C00326801,OR,0,2855,299356
C00326801,PA,0,3677,425836
C00326801,PR,0,4,2040
C00326801,RI,0,432,79146
C00326801,SC,0,556,74341
C00326801,SD,0,267,12260
C00326801,TN,0,964,135628
C00326801,TX,0,5123,779656
C00326801,UT,0,334,60328
C00326801,VA,0,3158,482613
C00326801,VI,0,9,10100
C00326801,VT,0,702,91966
C00326801,WA,0,5201,743556
C00326801,WI,1,92339,8737408
C00326801,WV,0,267,18395
C00326801,WY,0,177,43900
C00326801,ZZ,0,185,36367
C00341396,AA,0,10,1860
C00341396,AE,0,109,2136
C00341396,AK,0,1350,68769
C00341396,AL,0,1030,36339
C00341396,AP,0,20,384
C00341396,AR,0,950,46422
C00341396,AZ,0,5509,202817
C00341396,CA,0,79688,3568413
C00341396,CO,0,8961,373412
C00341396,CT,0,5167,218611
C00341396,DC,0,2597,120413
C00341396,DE,0,792,34707
C00341396,FL,0,11549,448009
C00341396,GA,0,5237,187236
C00341396,HI,0,2077,92192
C00341396,IA,0,1403,54741
C00341396,ID,0,1058,46285
C00341396,IL,0,10920,459877
C00341396,IN,0,2695,107718
C00341396,KS,0,1370,52740
C00341396,KY,0,1640,52747
C00341396,LA,0,1322,44392
C00341396,MA,0,16679,767437
C00341396,MD,0,8159,346780
C00341396,ME,0,2546,113593
C00341396,MI,0,7022,272314
C00341396,MN,0,5552,230436
C00341396,MO,0,2751,103545
C00341396,MP,0,10,206
C00341396,MS,0,322,10253
C00341396,MT,0,798,37691
C00341396,NC,0,6321,249935
C00341396,ND,0,182,8717
C00341396,NE,0,543,19724
C00341396,NH,0,2203,105979
C00341396,NJ,0,8244,329580
C00341396,NM,0,3679,146454
C00341396,NV,0,1676,67773
C00341396,NY,0,31409,1280201
C00341396,OH,0,5882,220540
C00341396,OK,0,1201,39242
C00341396,OR,0,9994,358597
C00341396,PA,0,9028,365702
C00341396,PR,0,16,774
C00341396,RI,0,1319,57542
C00341396,SC,0,1519,60368
C00341396,SD,0,318,9569
C00341396,TN,0,2977,113924
C00341396,TX,0,11202,438637
C00341396,UT,0,1855,83155
C00341396,VA,0,5945,264686
C00341396,VI,0,42,2590
C00341396,VT,0,2317,87514
C00341396,WA,0,16963,678390
C00341396,WI,0,3942,162805
C00341396,WV,0,594,19791
C00341396,WY,0,411,14493
C00341396,ZZ,0,1,500
C00343871,AE,0,15,693
C00343871,AK,0,1076,28550
C00343871,AL,0,1192,46342
C00343871,AP,0,38,477
C00343871,AR,0,633,26373
C00343871,AZ,0,5041,236444
C00343871,CA,1,106911,14446786
C00343871,CO,0,5952,292811
C00343871,CT,0,4051,297171
C00343871,DC,0,1798,451023
C00343871,DE,0,554,46989
C00343871,FL,0,13455,905792
C00343871,GA,0,2822,202081
C00343871,HI,0,1467,57824
C00343871,IA,0,1065,42226
C00343871,ID,0,742,44378
C00343871,IL,0,6196,681112
C00343871,IN,0,1730,97125
C00343871,KS,0,1013,38668
C00343871,KY,0,982,46981
C00343871,LA,0,1007,51403
C00343871,MA,0,8789,1052002
C00343871,MD,0,6287,564948
C00343871,ME,0,1288,70558
C00343871,MI,0,5378,238062
C00343871,MN,0,2951,174206
C00343871,MO,0,2852,266000
C00343871,MS,0,311,15446
C00343871,MT,0,687,24990
C00343871,NC,0,5272,184265
C00343871,ND,0,101,3862
C00343871,NE,0,324,16150
C00343871,NH,0,994,60414
C00343871,NJ,0,6016,321781
C00343871,NM,0,2905,192671
C00343871,NV,0,2127,161537
C00343871,NY,0,18001,1646647
C00343871,OH,0,4469,155071
C00343871,OK,0,1365,61932
C00343871,OR,0,5829,226140
C00343871,PA,0,7205,308315
C00343871,PR,0,89,4321
C00343871,RI,0,834,40747
C00343871,SC,0,1772,80464
C00343871,SD,0,380,11648
C00343871,TN,0,2082,123131
C00343871,TX,0,11921,720225
C00343871,UT,0,1136,139643
C00343871,VA,0,5915,439845
C00343871,VI,0,71,5960
C00343871,VT,0,1020,53459
C00343871,WA,0,11521,579280
C00343871,WI,0,2628,111654
C00343871,WV,0,374,18272
C00343871,WY,0,197,33985
C00343871,ZZ,0,179,16038
C00401224,AA,0,146,689
C00401224,AB,0,5,200
C00401224,AE,0,437,2381
C00401224,AK,0,14695,99015
C00401224,AL,0,21638,130535
C00401224,AP,0,60,711
C00401224,AR,0,21157,119063
C00401224,AS,0,3,1100
C00401224,AZ,0,109470,790684
C00401224,BC,0,12,800
C00401224,CA,0,757010,6678468
C00401224,CO,0,99156,844984
C00401224,CT,0,49957,560431
C00401224,DC,0,31027,515767
C00401224,DE,0,13808,124483
C00401224,FL,0,212128,1655126
C00401224,GA,0,55483,517963
C00401224,GU,0,17,1400
C00401224,HI,0,27790,186373
C00401224,IA,0,22627,171926
C00401224,ID,0,15488,104717
C00401224,IL,0,129810,1156146
C00401224,IN,0,35509,296603
C00401224,KS,0,24736,180988
C00401224,KY,0,23898,157282
C00401224,LA,0,18833,145977
C00401224,MA,0,166673,1720198
C00401224,MD,0,123625,1165870
C00401224,ME,0,25918,194963
C00401224,MI,0,105892,869877
C00401224,MN,0,73154,568187
C00401224,MO,0,44622,384397
C00401224,MP,0,5,346
C00401224,MS,0,8333,80320
C00401224,MT,0,17190,182128
C00401224,NC,0,87469,680912
C00401224,ND,0,1860,21396
C00401224,NE,0,12769,100681
C00401224,NH,0,26729,212915
C00401224,NJ,0,91749,790176
C00401224,NM,0,52149,384672
C00401224,NS,0,101,678
C00401224,NV,0,31634,234805
C00401224,NY,0,291371,2835903
C00401224,OH,0,83502,699476
C00401224,OK,0,28013,157935
C00401224,ON,0,12,675
C00401224,OR,0,95077,708627
C00401224,PA,0,130548,1061721
C00401224,PR,0,913,13943
C00401224,RI,0,13007,118920
C00401224,SC,0,31918,218419
C00401224,SD,0,11274,43993
C00401224,TN,0,44916,440615
C00401224,TX,0,250661,2041179
C00401224,UT,0,20266,164013
C00401224,VA,0,119787,1023165
C00401224,VI,0,356,5284
C00401224,VT,0,14749,135711
C00401224,WA,0,189753,1510600
C00401224,WI,0,64185,532942
C00401224,WV,0,6886,53251
C00401224,WY,0,4709,56942
C00401224,ZZ,0,3011,50524
C00412304,AA,0,1,500
C00412304,AE,0,181,3502
C00412304,AK,0,1714,129880
C00412304,AL,0,2198,122251
C00412304,AP,0,15,1452
C00412304,AR,0,1638,113383
C00412304,AZ,0,9310,635040
C00412304,CA,0,96010,10040479
C00412304,CO,0,16058,1349342
C00412304,CT,0,6491,650195
C00412304,DC,0,5533,1338351
C00412304,DE,0,1855,91362
C00412304,FL,0,17747,1422422
C00412304,GA,0,6144,537739
C00412304,GU,0,9,795
C00412304,HI,0,2812,270094
C00412304,IA,0,2210,133905
C00412304,ID,0,4281,298711
C00412304,IL,0,15672,1870465
C00412304,IN,0,4824,239641
C00412304,KS,0,2675,132884
C00412304,KY,0,2246,149392
C00412304,LA,0,1485,147366
C00412304,MA,0,18762,2858656
C00412304,MD,0,14071,1705700
C00412304,ME,0,2882,220271
C00412304,MI,0,8674,526305
C00412304,MN,0,7828,620957
C00412304,MO,0,5545,371992
C00412304,MS,0,394,93517
C00412304,MT,1,54304,5379780
C00412304,NC,0,9808,579817
C00412304,ND,0,828,76817
C00412304,NE,0,1130,96237
C00412304,NH,0,2539,215009
C00412304,NJ,0,9737,878220
C00412304,NM,0,6524,469319
C00412304,NV,0,3349,271613
C00412304,NY,0,32829,4723219
C00412304,OH,0,8398,607415
C00412304,OK,0,2593,158809
C00412304,OR,0,14745,1051988
C00412304,PA,0,12960,1033279
C00412304,PR,0,89,7942
C00412304,RI,0,1663,157512
C00412304,SC,0,2683,221823
C00412304,SD,0,985,44414
C00412304,TN,0,4327,370787
C00412304,TX,0,21532,1759101
C00412304,UT,0,3189,263694
C00412304,VA,0,14250,1405292
C00412304,VI,0,16,3560
C00412304,VT,0,1694,192473
C00412304,WA,0,32626,2842471
C00412304,WI,0,5358,347721
C00412304,WV,0,654,46641
C00412304,WY,0,1972,266170
C00412304,ZZ,0,738,80797
C00431056,AE,0,73,1731
C00431056,AK,0,283,23039
C00431056,AL,0,791,39403
C00431056,AP,0,6,915
C00431056,AR,0,531,39301
C00431056,AZ,0,2402,190929
C00431056,CA,0,32207,4096364
C00431056,CO,0,3241,403781
C00431056,CT,0,3112,382827
C00431056,DC,0,2333,722528
C00431056,DE,0,908,84078
C00431056,FL,0,7656,774867
C00431056,GA,0,2395,192836
C00431056,HI,0,903,79410
C00431056,IA,0,424,40288
C00431056,ID,0,254,37052
C00431056,IL,0,5572,880566
C00431056,IN,0,1744,97397
C00431056,KS,0,621,40169
C00431056,KY,0,724,54796
C00431056,LA,0,551,66149
C00431056,MA,0,7950,1504492
C00431056,MD,0,6963,912117
C00431056,ME,0,965,83833
C00431056,MI,0,3310,251049
C00431056,MN,0,1765,206702
C00431056,MO,0,1641,143435
C00431056,MS,0,169,16038
C00431056,MT,0,184,18473
C00431056,NC,0,3805,244352
C00431056,ND,0,105,2131
C00431056,NE,0,436,33516
C00431056,NH,0,1107,115067
C00431056,NJ,0,7210,562879
C00431056,NM,0,1568,112889
C00431056,NV,0,718,133091
C00431056,NY,0,15448,2680693
C00431056,OH,0,3133,240394
C00431056,OK,0,703,64697
C00431056,OR,0,2969,269024
C00431056,PA,1,87279,8316746
C00431056,PR,0,56,4492
C00431056,RI,0,767,90390
C00431056,SC,0,1031,118404
C00431056,SD,0,269,8035
C00431056,TN,0,1269,136489
C00431056,TX,0,7242,741976
C00431056,UT,0,655,63887
C00431056,VA,0,5362,653006
C00431056,VI,0,1,250
C00431056,VT,0,692,86276
C00431056,WA,0,6538,712669
C00431056,WI,0,1640,113566
C00431056,WV,0,471,29709
C00431056,WY,0,197,38762
C00431056,ZZ,0,510,107097
C00492785,AA,0,2,750
C00492785,AE,0,21,915
C00492785,AK,0,1196,73632
C00492785,AL,0,4513,312576
C00492785,AP,0,13,1290
C00492785,AR,0,2438,172882
C00492785,AZ,0,9254,761016
C00492785,CA,0,41371,3201743
C00492785,CO,0,7422,673114
C00492785,CT,0,2934,237916
C00492785,DC,0,314,116710
C00492785,DE,0,813,54147
C00492785,FL,0,27584,2525634
C00492785,GA,0,8521,621746
C00492785,GU,0,27,3775
C00492785,HI,0,951,57133
C00492785,IA,0,1852,145311
C00492785,ID,0,3064,221644
C00492785,IL,0,10648,839941
C00492785,IN,0,5546,347144
C00492785,KS,0,3424,261880
C00492785,KY,0,2016,171127
C00492785,LA,0,3929,293530
C00492785,MA,0,4178,375342
C00492785,MD,0,6039,407423
C00492785,ME,0,880,47942
C00492785,MI,0,8071,575434
C00492785,MN,0,3854,279661
C00492785,MO,0,6023,487905
C00492785,MS,0,1900,162935
C00492785,MT,0,1711,118871
C00492785,NC,0,7527,575965
C00492785,ND,0,575,46173
C00492785,NE,0,1693,107665
C00492785,NH,0,1180,92185
C00492785,NJ,0,6759,495440
C00492785,NM,0,2681,211978
C00492785,NV,0,4683,439798
C00492785,NY,0,12204,1098893
C00492785,OH,0,8973,619628
C00492785,OK,0,4471,369215
C00492785,OR,0,4769,303216
C00492785,PA,0,9455,682285
C00492785,PR,0,13,11117
C00492785,RI,0,520,37689
C00492785,SC,0,4590,297760
C00492785,SD,0,944,79607
C00492785,TN,0,6498,533908
C00492785,TX,1,162568,16877422
C00492785,UT,0,3542,230341
C00492785,VA,0,9240,805052
C00492785,VI,0,12,813
C00492785,VT,0,291,32630
C00492785,WA,0,7495,544861
C00492785,WI,0,4089,331225
C00492785,WV,0,934,75714
C00492785,WY,0,1244,119729
C00558627,AA,0,1,500
C00558627,AE,0,67,2394
C00558627,AK,0,820,43235
C00558627,AL,0,828,42808
C00558627,AP,0,18,1625
C00558627,AR,0,653,34493
C00558627,AZ,1,92542,7246413
C00558627,CA,0,52810,6140359
C00558627,CO,0,5654,588926
C00558627,CT,0,2948,360936
C00558627,DC,0,2470,727749
C00558627,DE,0,772,47547
C00558627,FL,0,9728,832265
C00558627,GA,0,2554,245728
C00558627,GU,0,5,200
C00558627,HI,0,1320,114635
C00558627,IA,0,899,68183
C00558627,ID,0,747,72490
C00558627,IL,0,7587,1098512
C00558627,IN,0,2248,130106
C00558627,KS,0,1088,61106
C00558627,KY,0,1095,65476
C00558627,LA,0,535,57751
C00558627,MA,0,8934,1597063
C00558627,MD,0,6150,921010
C00558627,ME,0,1193,114749
C00558627,MI,0,4037,262938
C00558627,MN,0,2628,270630
C00558627,MO,0,2416,208611
C00558627,MP,0,1,250
C00558627,MS,0,207,17349
C00558627,MT,0,627,41070
C00558627,NC,0,3610,244711
C00558627,ND,0,89,4171
C00558627,NE,0,368,37515
C00558627,NH,0,865,111912
C00558627,NJ,0,4937,484753
C00558627,NM,0,3875,308398
C00558627,NV,0,2038,180306
C00558627,NY,0,14841,2449489
C00558627,OH,0,3365,259536
C00558627,OK,0,1166,77227
C00558627,OR,0,5829,472390
C00558627,PA,0,5569,513215
C00558627,PR,0,86,65413
C00558627,RI,0,701,91506
C00558627,SC,0,1425,136383
C00558627,SD,0,474,39457
C00558627,TN,0,1621,213711
C00558627,TX,0,12078,1188151
C00558627,UT,0,1625,143352
C00558627,VA,0,5274,702208
C00558627,VI,0,5,675
C00558627,VT,0,814,87483
C00558627,WA,0,12271,1163197
C00558627,WI,0,3088,186816
C00558627,WV,0,289,16264
C00558627,WY,0,234,51847
C00558627,ZZ,0,216,31444
C00568162,AL,0,36,159800
C00568162,AR,0,13,475650
C00568162,AZ,0,2,3000
C00568162,CA,0,16,251379
C00568162,CO,0,18,183900
C00568162,CT,0,7,35950
C00568162,DC,0,90,235050
C00568162,DE,0,1,500
C00568162,FL,0,70,1421826
C00568162,GA,0,20,112083
C00568162,HI,0,1,2500
C00568162,IA,0,1,500
C00568162,ID,0,2,4000
C00568162,IL,0,19,1305600
C00568162,IN,0,1,35000
C00568162,KY,0,12,73300
C00568162,LA,0,438,3241676
C00568162,MA,0,9,949800
C00568162,MD,0,50,155994
C00568162,MI,0,16,615066
C00568162,MN,0,1,2000
C00568162,MO,0,10,535300
C00568162,MS,0,8,23500
C00568162,MT,0,1,2000
C00568162,NC,0,16,38400
C00568162,NH,0,1,15000
C00568162,NJ,0,6,20300
C00568162,NV,0,5,35900
C00568162,NY,0,33,423500
C00568162,OH,0,9,41500
C00568162,OK,0,26,131300
C00568162,PA,0,4,34500
C00568162,SC,0,3,2500
C00568162,TN,0,29,672350
C00568162,TX,0,140,1344197
C00568162,UT,0,3,11500
C00568162,VA,0,147,537400
C00568162,WI,0,3,464000
C00578609,AK,0,2,3550
C00578609,AL,0,7,13600
C00578609,AR,0,2,1055
C00578609,AZ,0,10,35700
C00578609,CA,0,1583,2965856
C00578609,CO,0,139,312650
C00578609,CT,0,63,149520
C00578609,DC,0,163,260090
C00578609,DE,0,4,5700
C00578609,FL,0,268,583338
C00578609,GA,0,132,231900
C00578609,HI,0,11,21300
C00578609,IA,0,2,6000
C00578609,ID,0,6,10650
C00578609,IL,0,139,269600
C00578609,IN,0,95,104978
C00578609,KS,0,7,8800
C00578609,KY,0,70,97350
C00578609,LA,0,11,18300
C00578609,MA,0,463,1186603
C00578609,MD,0,112,188900
C00578609,ME,0,19,21850
C00578609,MI,0,91,81460
C00578609,MN,0,20,122650
C00578609,MO,0,10,22400
C00578609,MS,0,3,34900
C00578609,MT,0,2,9000
C00578609,NC,0,25,39200
C00578609,ND,0,5,18400
C00578609,NE,0,1,3300
C00578609,NH,0,14,39150
C00578609,NJ,0,73,171705
C00578609,NM,0,16,24600
C00578609,NV,0,14,65245
C00578609,NY,0,539,1425744
C00578609,OH,0,5829,8036113
C00578609,OK,0,4,16000
C00578609,OR,0,57,57400
C00578609,PA,0,110,197550
C00578609,RI,0,23,49700
C00578609,SC,0,10,36300
C00578609,TN,0,56,114200
C00578609,TX,0,145,345103
C00578609,UT,0,11,30100
C00578609,VA,0,81,165200
C00578609,VT,0,17,27150
C00578609,WA,0,146,303935
C00578609,WI,0,9,8300
C00578609,WV,0,5,3000
C00578609,WY,0,5,13000
C00580068,AE,0,59,1687
C00580068,AK,0,1168,37592
C00580068,AL,0,2785,67447
C00580068,AP,0,11,757
C00580068,AR,0,1997,55666
C00580068,AZ,0,11286,307145
C00580068,CA,0,74334,2708645
C00580068,CO,0,9107,304742
C00580068,CT,0,6396,241335
C00580068,DC,0,1873,97243
C00580068,DE,0,1547,60922
C00580068,FL,0,24593,807656
C00580068,GA,0,6610,223102
C00580068,GU,0,7,280
C00580068,HI,0,2225,83518
C00580068,IA,0,2448,95162
C00580068,ID,0,1380,52342
C00580068,IL,0,14357,521185
C00580068,IN,0,4752,150960
C00580068,KS,0,1892,56800
C00580068,KY,0,2701,79753
C00580068,LA,0,1674,57622
C00580068,MA,0,14365,605857
C00580068,MD,0,9528,371849
C00580068,ME,0,2245,89582
C00580068,MI,0,9509,333416
C00580068,MN,0,7870,279134
C00580068,MO,0,5425,161582
C00580068,MS,0,1048,29135
C00580068,MT,0,1694,48732
C00580068,NC,0,9478,320325
C00580068,ND,0,314,10764
C00580068,NE,0,1015,43234
C00580068,NH,0,2254,102682
C00580068,NJ,0,10928,336877
C00580068,NM,0,5830,164563
C00580068,NV,0,3262,82684
C00580068,NY,0,29094,1093791
C00580068,OH,0,11213,321595
C00580068,OK,0,2659,69762
C00580068,OR,0,9298,391244
C00580068,PA,0,14398,519073
C00580068,PR,0,129,3717
C00580068,RI,0,1652,71915
C00580068,SC,0,3008,80220
C00580068,SD,0,730,21541
C00580068,TN,0,4354,142472
C00580068,TX,0,21941,680262
C00580068,UT,0,2111,60003
C00580068,VA,0,11192,373185
C00580068,VI,0,69,2080
C00580068,VT,0,1323,79262
C00580068,WA,0,19302,656154
C00580068,WI,0,6525,210420
C00580068,WV,0,1008,35011
C00580068,WY,0,594,21945
C00580068,ZZ,0,675,40148
C00606939,AE,0,93,1687
C00606939,AK,0,417,27323
C00606939,AL,0,732,55357
C00606939,AP,0,2,450
C00606939,AR,0,778,29666
C00606939,AZ,0,4037,273883
C00606939,CA,0,43665,5187731
C00606939,CO,0,3725,550427
C00606939,CT,0,2917,351948
C00606939,DC,0,1724,443418
C00606939,DE,0,626,30836
C00606939,FL,0,9063,866876
C00606939,GA,0,2481,228399
C00606939,HI,0,1400,96804
C00606939,IA,0,630,41694
C00606939,ID,0,888,47733
C00606939,IL,0,6140,826200
C00606939,IN,0,1673,84455
C00606939,KS,0,653,48621
C00606939,KY,0,793,52584
C00606939,LA,0,758,70331
C00606939,MA,0,7927,1346329
C00606939,MD,0,6361,680496
C00606939,ME,0,992,94582
C00606939,MI,0,3788,188026
C00606939,MN,0,2442,209734
C00606939,MO,0,1845,139361
C00606939,MS,0,221,18709
C00606939,MT,0,422,28131
C00606939,NC,0,3492,211628
C00606939,ND,0,47,2035
C00606939,NE,0,633,31546
C00606939,NH,0,1129,67745
C00606939,NJ,0,4535,522582
C00606939,NM,0,2145,155822
C00606939,NV,1,20219,1670635
C00606939,NY,0,16001,2788915
C00606939,OH,0,3231,269108
C00606939,OK,0,1178,83697
C00606939,OR,0,3954,304492
C00606939,PA,0,5560,410692
C00606939,PR,0,25,5958
C00606939,RI,0,566,82987
C00606939,SC,0,1156,106070
C00606939,SD,0,239,9940
C00606939,TN,0,1489,114970
C00606939,TX,0,8751,734877
C00606939,UT,0,1182,100628
C00606939,VA,0,4933,431316
C00606939,VI,0,12,2025
C00606939,VT,0,632,74162
C00606939,WA,0,8084,784104
C00606939,WI,0,2008,113704
C00606939,WV,0,428,17801
C00606939,WY,0,116,51369
C00606939,ZZ,0,297,39909
C00676395,AK,0,809,22163
C00676395,AL,0,3924,95726
C00676395,AP,0,36,1084
C00676395,AR,0,2748,67314
C00676395,AZ,0,9001,251502
C00676395,CA,0,28037,810824
C00676395,CO,0,5361,223041
C00676395,CT,0,2213,87803
C00676395,DC,0,111,21042
C00676395,DE,0,831,19968
C00676395,FL,0,25127,1020855
C00676395,GA,0,11378,296699
C00676395,HI,0,945,30464
C00676395,IA,0,1405,32614
C00676395,ID,0,2789,61139
C00676395,IL,0,9314,262626
C00676395,IN,0,5014,100756
C00676395,KS,0,2638,56402
C00676395,KY,0,1813,50030
C00676395,LA,0,4040,147554
C00676395,MA,0,3080,163691
C00676395,MD,0,4755,132748
C00676395,ME,0,805,16468
C00676395,MI,0,7140,146450
C00676395,MN,0,3923,87377
C00676395,MO,0,6291,110139
C00676395,MP,0,4,50
C00676395,MS,0,2493,90406
C00676395,MT,0,1471,26611
C00676395,NC,0,6342,244044
C00676395,ND,0,586,11388
C00676395,NE,0,1917,34401
C00676395,NH,0,1658,42206
C00676395,NJ,0,4807,179727
C00676395,NM,0,1107,26587
C00676395,NV,0,3522,97928
C00676395,NY,0,9489,310698
C00676395,OH,0,8338,184615
C00676395,OK,0,3813,87639
C00676395,OR,0,4066,90662
C00676395,PA,0,8321,194919
C00676395,PR,0,46,8568
C00676395,RI,0,327,8178
C00676395,SC,0,4899,117839
C00676395,SD,0,695,12542
C00676395,TN,0,21929,3907730
C00676395,TX,0,32197,919861
C00676395,UT,0,2858,51689
C00676395,VA,0,7434,229518
C00676395,VT,0,305,11752
C00676395,WA,0,5288,133704
C00676395,WI,0,2772,79113
C00676395,WV,0,580,13933
C00676395,WY,0,1178,30833
C00703975,AA,0,58,10496
C00703975,AE,0,983,141129
C00703975,AK,0,7077,999449
C00703975,AL,0,15109,1552436
C00703975,AP,0,338,43945
C00703975,AR,0,10394,1140561
C00703975,AS,0,5,304
C00703975,AZ,0,68782,6823717
C00703975,CA,0,569729,76559690
C00703975,CO,0,86999,10754690
C00703975,CT,0,48913,6321004
C00703975,DC,0,33202,6873931
C00703975,DE,0,15067,1777329
C00703975,FL,0,149247,16740215
C00703975,GA,0,60627,7244224
C00703975,GU,0,240,28501
C00703975,HI,0,15930,2011375
C00703975,IA,0,20302,1916491
C00703975,ID,0,11353,1276331
C00703975,IL,0,110114,14330091
C00703975,IN,0,31602,3210084
C00703975,KS,0,15718,1769302
C00703975,KY,0,17634,1859311
C00703975,LA,0,12995,1409407
C00703975,MA,0,133815,20260855
C00703975,MD,0,91842,12504597
C00703975,ME,0,25089,2969881
C00703975,MI,0,75358,8234850
C00703975,MN,0,68826,7997718
C00703975,MO,0,35152,3500977
C00703975,MP,0,27,5900
C00703975,MS,0,5077,514228
C00703975,MT,0,8613,981008
C00703975,NC,0,87002,10063239
C00703975,ND,0,2387,232628
C00703975,NE,0,9549,1063945
C00703975,NH,0,22569,2744073
C00703975,NJ,0,86894,10092473
C00703975,NM,0,33097,3764433
C00703975,NV,0,23132,2414039
C00703975,NY,0,232396,32012473
C00703975,OH,0,67386,6928098
C00703975,OK,0,16033,1585079
C00703975,OR,0,84287,9773174
C00703975,PA,0,116811,14122696
C00703975,PR,0,1219,163251
C00703975,RI,0,12467,1519663
C00703975,SC,0,24722,2726356
C00703975,SD,0,3746,398975
C00703975,TN,0,35165,3949574
C00703975,TX,0,148713,17323623
C00703975,UT,0,18324,2239625
C00703975,VA,0,106932,14040152
C00703975,VI,0,593,96175
C00703975,VT,0,16746,2058408
C00703975,WA,0,152119,20581590
C00703975,WI,0,49215,5559673
C00703975,WV,0,6622,659776
C00703975,WY,0,3531,497306
C00703975,ZZ,0,9426,1905913
C00744946,AA,0,13,1982
C00744946,AE,0,296,43877
C00744946,AK,0,6641,976375
C00744946,AL,0,12723,2254067
C00744946,AP,0,100,23165
C00744946,AR,0,9821,1544881
C00744946,AZ,0,48653,7542366
C00744946,CA,0,454194,271870739
C00744946,CO,0,65902,19220041
C00744946,CT,0,38092,15771653
C00744946,DC,0,30721,24893119
C00744946,DE,0,11733,2381846
C00744946,FL,0,128991,45214149
C00744946,GA,0,49759,12432243
C00744946,GU,0,35,56021
C00744946,HI,0,11634,2049900
C00744946,IA,0,16021,2099210
C00744946,ID,0,10103,1391781
C00744946,IL,0,88848,39427210
C00744946,IN,0,27367,5980090
C00744946,KS,0,13396,2386412
C00744946,KY,0,17197,4865661
C00744946,LA,0,12121,2669234
C00744946,MA,0,105053,47204171
C00744946,MD,0,71611,28825220
C00744946,ME,0,17681,3825713
C00744946,MI,0,60561,9379772
C00744946,MN,0,54457,16816191
C00744946,MO,0,29578,6684410
C00744946,MP,0,12,2035
C00744946,MS,0,4561,996921
C00744946,MT,0,7736,1203762
C00744946,NC,0,69415,15732126
C00744946,ND,0,2404,531256
C00744946,NE,0,7836,2049634
C00744946,NH,0,15417,4379287
C00744946,NJ,0,70712,18525159
C00744946,NM,0,23557,4567474
C00744946,NV,0,17486,5033257
C00744946,NY,0,192889,109754148
C00744946,OH,0,56358,11399583
C00744946,OK,0,13402,2076494
C00744946,OR,0,61761,10849703
C00744946,PA,0,88726,23621256
C00744946,PR,0,421,683963
C00744946,RI,0,10814,2318928
C00744946,SC,0,19287,4325099
C00744946,SD,0,3961,495285
C00744946,TN,0,30479,8842753
C00744946,TX,0,123184,35145579
C00744946,UT,0,15648,6957453
C00744946,VA,0,81947,25371906
C00744946,VI,0,241,117131
C00744946,VT,0,12167,3793645
C00744946,WA,0,120319,40743069
C00744946,WI,0,38048,5834388
C00744946,WV,0,5977,801271
C00744946,WY,0,2982,2657510
C00744946,ZZ,0,1390,1230052
C00750521,AK,0,2042,70415
C00750521,AL,0,5463,186656
C00750521,AR,0,3491,120726
C00750521,AZ,0,14167,442395
C00750521,CA,0,47980,1735495
C00750521,CO,0,8316,309727
C00750521,CT,0,3233,124835
C00750521,DC,0,873,20209
C00750521,DE,0,988,34289
C00750521,FL,0,41081,1533545
C00750521,GA,0,13913,472444
C00750521,GU,0,3,50
C00750521,HI,0,1542,48708
C00750521,IA,0,2279,82088
C00750521,ID,0,3361,124647
C00750521,IL,0,13277,414842
C00750521,IN,0,6817,212735
C00750521,KS,0,4014,115285
C00750521,KY,0,2865,98924
C00750521,LA,0,8224,336734
C00750521,MA,0,5209,184216
C00750521,MD,0,7157,220695
C00750521,ME,0,1540,57402
C00750521,MI,0,10983,370820
C00750521,MN,0,7089,241019
C00750521,MO,0,6998,200341
C00750521,MP,0,12,293
C00750521,MS,0,2922,97320
C00750521,MT,0,2491,72272
C00750521,NC,0,9918,336715
C00750521,ND,0,935,30912
C00750521,NE,0,2168,59054
C00750521,NH,0,1777,65922
C00750521,NJ,0,8186,258958
C00750521,NM,0,2183,97682
C00750521,NV,0,6244,187112
C00750521,NY,0,15784,513697
C00750521,OH,0,11934,390964
C00750521,OK,0,4740,155614
C00750521,OR,0,5532,169373
C00750521,PA,0,11613,383444
C00750521,PR,0,30,2165
C00750521,RI,0,389,14882
C00750521,SC,0,7629,258260
C00750521,SD,0,1196,41594
C00750521,TN,0,7627,243614
C00750521,TX,0,45011,1717910
C00750521,UT,0,4153,131653
C00750521,VA,0,12380,404035
C00750521,VI,0,10,1492
C00750521,VT,0,425,14457
C00750521,WA,0,10651,340720
C00750521,WI,0,4485,159796
C00750521,WV,0,1074,34367
C00750521,WY,0,1824,77808
C00768200,AL,0,1,2500
C00768200,AZ,0,1,50000
C00768200,CA,0,125,9122650
C00768200,CO,0,8,611300
C00768200,CT,0,130,932200
C00768200,DC,0,45,527350
C00768200,DE,0,1,20000
C00768200,FL,0,96,1872478
C00768200,GA,0,10,49500
C00768200,IL,0,19,822460
C00768200,IN,0,2,422575
C00768200,LA,0,4,18500
C00768200,MA,0,40,3835150
C00768200,MD,0,42,266860
C00768200,MI,0,2,6800
C00768200,MN,0,4,4500
C00768200,MO,0,3,52000
C00768200,NC,0,4,12000
C00768200,NH,0,2,4500
C00768200,NJ,0,68,308100
C00768200,NY,0,418,10532030
C00768200,OH,0,11,19500
C00768200,OR,0,3,18500
C00768200,PA,0,5,107600
C00768200,RI,0,3,2500
C00768200,SC,0,3,35500
C00768200,TN,0,5,27000
C00768200,TX,0,116,2101134
C00768200,UT,0,1,10000
C00768200,VA,0,15,354650
C00768200,VT,0,1,1000
C00768200,WA,0,4,273800
C00768200,WY,0,1,500
C00770180,AR,0,2,11000
C00770180,AZ,0,17,71559
C00770180,CA,0,27,749734
C00770180,CO,0,9,478600
C00770180,CT,0,9,659700
C00770180,DC,0,12,19000
C00770180,FL,0,39,1090603
C00770180,GA,0,1,25000
C00770180,IL,0,8,260205
C00770180,IN,0,5,35400
C00770180,KY,0,1,1000
C00770180,MA,0,6,203700
C00770180,MD,0,3,11500
C00770180,MI,0,1,500
C00770180,MO,0,2,12600
C00770180,MS,0,1,300
C00770180,NV,0,2,56917
C00770180,NY,0,38,935932
C00770180,OH,0,2,15000
C00770180,OK,0,2,11000
C00770180,PA,0,5,113800
C00770180,SC,0,3,20500
C00770180,TN,0,2,22500
C00770180,TX,0,643,13783936
C00770180,UT,0,1,1000
C00770180,VA,0,27,150620
C00770180,WA,0,1,1000
C00770180,WI,0,1,5000
C00770180,WY,0,4,5500
C00770941,AE,0,365,10950
C00770941,AK,0,12698,701244
C00770941,AL,0,38529,2329651
C00770941,AP,0,396,21301
C00770941,AR,0,22798,1013852
C00770941,AS,0,30,3447
C00770941,AZ,0,86145,4539768
C00770941,CA,0,295356,18262960
C00770941,CO,0,47457,2760923
C00770941,CT,0,20694,1299092
C00770941,DC,0,1646,164248
C00770941,DE,0,7394,388764
C00770941,FL,0,250595,16106615
C00770941,GA,0,79955,4775934
C00770941,GU,0,83,3677
C00770941,HI,0,9079,501519
C00770941,IA,0,17682,1098353
C00770941,ID,0,25426,1213104
C00770941,IL,0,70411,3664874
C00770941,IN,0,40547,2214803
C00770941,KS,0,22735,1199560
C00770941,KY,0,18959,1166799
C00770941,LA,0,34882,2303087
C00770941,MA,0,34742,2128618
C00770941,MD,0,42565,2043281
C00770941,ME,0,10340,477410
C00770941,MI,0,68199,3772846
C00770941,MN,0,33880,1789720
C00770941,MO,0,43481,2071564
C00770941,MP,0,54,1090
C00770941,MS,0,17237,999506
C00770941,MT,0,14785,742201
C00770941,NC,0,70167,3970730
C00770941,ND,0,5392,359390
C00770941,NE,0,12958,692022
C00770941,NH,0,16179,761598
C00770941,NJ,0,58093,3354428
C00770941,NM,0,15635,951692
C00770941,NV,0,38674,2273390
C00770941,NY,0,102581,5781717
C00770941,OH,0,70230,3725538
C00770941,OK,0,34575,1936609
C00770941,OR,0,36178,1836446
C00770941,PA,0,76536,4805564
C00770941,PR,0,425,115799
C00770941,RI,0,4244,277015
C00770941,SC,0,44681,2864001
C00770941,SD,0,7719,513384
C00770941,TN,0,55389,4194269
C00770941,TX,0,266322,17194558
C00770941,UT,0,24326,1124944
C00770941,VA,0,60924,3589496
C00770941,VI,0,87,6265
C00770941,VT,0,2622,156707
C00770941,WA,0,65309,3341972
C00770941,WI,0,28475,1640414
C00770941,WV,0,10306,684302
C00770941,WY,0,9033,630245
C00770941,ZZ,0,1,500
C00828152,AE,0,8,520
C00828152,AK,0,208,13168
C00828152,AL,0,564,52706
C00828152,AR,0,233,118566
C00828152,AZ,0,1463,391679
C00828152,CA,0,6685,3174260
C00828152,CO,0,1748,567401
C00828152,CT,0,765,853129
C00828152,DC,0,207,161867
C00828152,DE,0,86,14514
C00828152,FL,0,5298,3909578
C00828152,GA,0,2596,1136969
C00828152,HI,0,122,30022
C00828152,IA,0,728,88227
C00828152,ID,0,444,79585
C00828152,IL,0,1712,690729
C00828152,IN,0,932,151990
C00828152,KS,0,454,44956
C00828152,KY,0,401,109868
C00828152,LA,0,536,48231
C00828152,MA,0,1103,443516
C00828152,MD,0,724,224643
C00828152,ME,0,197,50646
C00828152,MI,0,1241,207679
C00828152,MN,0,887,401436
C00828152,MO,0,877,337888
C00828152,MS,0,257,21449
C00828152,MT,0,540,39838
C00828152,NC,0,2483,562531
C00828152,ND,0,74,4974
C00828152,NE,0,320,75249
C00828152,NH,0,541,80089
C00828152,NJ,0,1209,519456
C00828152,NM,0,324,40238
C00828152,NV,0,573,184846
C00828152,NY,0,2608,3350195
C00828152,OH,0,1447,272759
C00828152,OK,0,790,89991
C00828152,OR,0,503,190035
C00828152,PA,0,1753,287807
C00828152,PR,0,22,1036
C00828152,RI,0,83,19998
C00828152,SC,0,4623,1691879
C00828152,SD,0,122,16817
C00828152,TN,0,1245,227145
C00828152,TX,0,5551,3607995
C00828152,UT,0,717,194002
C00828152,VA,0,2079,582546
C00828152,VI,0,1,5000
C00828152,VT,0,79,5762
C00828152,WA,0,1383,365541
C00828152,WI,0,765,241333
C00828152,WV,0,105,51246
C00828152,WY,0,138,20073
C00828541,AE,0,26,97
C00828541,AK,0,1039,138172
C00828541,AL,0,6110,877843
C00828541,AP,0,9,815
C00828541,AR,0,2754,369247
C00828541,AZ,0,9442,1105085
C00828541,CA,0,31480,4237828
C00828541,CO,0,5799,868237
C00828541,CT,0,2990,405960
C00828541,DC,0,112,35192
C00828541,DE,0,1056,146154
C00828541,FL,0,28151,4049633
C00828541,GA,0,10164,1383130
C00828541,GU,0,15,366
C00828541,HI,0,879,124083
C00828541,IA,0,2693,473624
C00828541,ID,0,2961,389843
C00828541,IL,0,10113,1371695
C00828541,IN,0,6454,837501
C00828541,KS,0,2991,467730
C00828541,KY,0,3946,571335
C00828541,LA,0,4826,710072
C00828541,MA,0,5308,702585
C00828541,MD,0,5344,626702
C00828541,ME,0,1286,125188
C00828541,MI,0,9945,1381646
C00828541,MN,0,4984,717163
C00828541,MO,0,5724,830797
C00828541,MP,0,7,74
C00828541,MS,0,2992,461605
C00828541,MT,0,1662,266780
C00828541,NC,0,9854,1328759
C00828541,ND,0,820,171935
C00828541,NE,0,1990,333900
C00828541,NH,0,1562,217960
C00828541,NJ,0,8741,1005584
C00828541,NM,0,2098,329617
C00828541,NV,0,4029,578316
C00828541,NY,0,14189,1705834
C00828541,OH,0,11141,1640401
C00828541,OK,0,4698,726264
C00828541,OR,0,4465,688338
C00828541,PA,0,12819,1802675
C00828541,PR,0,11,2192
C00828541,RI,0,710,90345
C00828541,SC,0,6236,799477
C00828541,SD,0,1139,216071
C00828541,TN,0,7846,1138645
C00828541,TX,0,30116,4377754
C00828541,UT,0,2975,327304
C00828541,VA,0,8687,1321711
C00828541,VI,0,1,21
C00828541,VT,0,387,36881
C00828541,WA,0,7679,1029582
C00828541,WI,0,5659,997189
C00828541,WV,0,1665,213627
C00828541,WY,0,1214,184434
C00828541,ZZ,0,12,6008
C00831925,AL,0,1,25000
C00831925,AR,0,2,803700
C00831925,AZ,0,19,119000
C00831925,CA,0,169,10355466
C00831925,CO,0,1,500000
C00831925,CT,0,6,1555200
C00831925,DC,0,9,160300
C00831925,FL,0,85,10032744
C00831925,GA,0,3,1455300
C00831925,ID,0,4,1525000
C00831925,IL,0,35,1736364
C00831925,IN,0,1,25000
C00831925,KS,0,3,57900
C00831925,LA,0,2,100000
C00831925,MA,0,3,201000
C00831925,MD,0,4,17800
C00831925,MI,0,4,352900
C00831925,MN,0,2,5500
C00831925,MO,0,8,1955500
C00831925,MT,0,2,50000
C00831925,NC,0,3,75300
C00831925,NH,0,1,1200
C00831925,NJ,0,4,350000
C00831925,NM,0,5,45000
C00831925,NV,0,5,1607400
C00831925,NY,0,20,2232500
C00831925,OH,0,176,1118514
C00831925,OK,0,2,25000
C00831925,PA,0,3,4000
C00831925,SC,0,2,30000
C00831925,TN,0,6,858200
C00831925,TX,0,138,7964006
C00831925,UT,0,1,10000
C00831925,VA,0,7,54100
C00831925,WI,0,7,25800
C00831925,WY,0,2,150000
C00833392,AA,0,2,350
C00833392,AE,0,48,3226
C00833392,AK,0,625,64127
C00833392,AL,0,1938,214301
C00833392,AP,0,18,2354
C00833392,AR,0,1090,250996
C00833392,AZ,0,5984,822321
C00833392,CA,0,20986,3237995
C00833392,CO,0,6564,817236
C00833392,CT,0,2741,583480
C00833392,DC,0,631,283254
C00833392,DE,0,540,68324
C00833392,FL,0,17535,3125852
C00833392,GA,0,8491,1160570
C00833392,HI,0,466,57965
C00833392,IA,0,2648,288815
C00833392,ID,0,1467,162293
C00833392,IL,0,6729,990134
C00833392,IN,0,3270,362846
C00833392,KS,0,1634,196996
C00833392,KY,0,1687,195182
C00833392,LA,0,1577,213588
C00833392,MA,0,4647,1008330
C00833392,MD,0,4511,760251
C00833392,ME,0,897,113691
C00833392,MI,0,5342,544910
C00833392,MN,0,4121,593009
C00833392,MO,0,3657,564935
C00833392,MP,0,1,3300
C00833392,MS,0,829,76803
C00833392,MT,0,1245,134414
C00833392,NC,0,9178,1342900
C00833392,ND,0,448,43045
C00833392,NE,0,1371,176078
C00833392,NH,0,2301,316342
C00833392,NJ,0,3955,835655
C00833392,NM,0,1608,163668
C00833392,NV,0,1715,352560
C00833392,NY,0,8734,1884794
C00833392,OH,0,5884,947280
C00833392,OK,0,2389,243998
C00833392,OR,0,2637,317467
C00833392,PA,0,7121,838562
C00833392,PR,0,42,17641
C00833392,RI,0,487,65927
C00833392,SC,0,16416,2752491
C00833392,SD,0,542,81841
C00833392,TN,0,4241,620424
C00833392,TX,0,18548,3552958
C00833392,UT,0,2943,317895
C00833392,VA,0,10104,1292331
C00833392,VI,0,2,500
C00833392,VT,0,497,49539
C00833392,WA,0,5957,881793
C00833392,WI,0,2963,495352
C00833392,WV,0,571,50722
C00833392,WY,0,593,103253
C00834218,AE,0,16,1739
C00834218,AK,0,187,29162
C00834218,AL,0,362,25564
C00834218,AP,0,12,1496
C00834218,AR,0,219,27241
C00834218,AZ,0,1424,168828
C00834218,CA,0,23011,4910138
C00834218,CO,0,2337,620136
C00834218,CT,0,2078,461139
C00834218,DC,0,2562,999354
C00834218,DE,0,336,40566
C00834218,FL,0,5452,905426
C00834218,GA,0,1270,175002
C00834218,HI,0,713,65804
C00834218,IA,0,304,36697
C00834218,ID,0,229,32540
C00834218,IL,0,5818,1273813
C00834218,IN,0,1702,135556
C00834218,KS,0,277,29016
C00834218,KY,0,402,46452
C00834218,LA,0,254,48133
C00834218,MA,0,6106,1668009
C00834218,MD,0,4295,954690
C00834218,ME,0,465,77894
C00834218,MI,1,68739,8188139
C00834218,MN,0,1418,232968
C00834218,MO,0,1189,188902
C00834218,MS,0,64,16094
C00834218,MT,0,197,33070
C00834218,NC,0,2233,234083
C00834218,ND,0,37,5393
C00834218,NE,0,152,21085
C00834218,NH,0,623,73495
C00834218,NJ,0,2795,427328
C00834218,NM,0,969,138169
C00834218,NV,0,633,116126
C00834218,NY,0,12185,3498911
C00834218,OH,0,2029,262178
C00834218,OK,0,377,48151
C00834218,OR,0,2060,256713
C00834218,PA,0,3329,485251
C00834218,PR,0,17,1305
C00834218,RI,0,385,57504
C00834218,SC,0,676,65248
C00834218,SD,0,126,11846
C00834218,TN,0,829,127855
C00834218,TX,0,4306,674002
C00834218,UT,0,500,73595
C00834218,VA,0,3918,672336
C00834218,VI,0,2,275
C00834218,VT,0,462,94215
C00834218,WA,0,4670,679452
C00834218,WI,0,1260,128897
C00834218,WV,0,153,14354
C00834218,WY,0,167,73111
C00834218,ZZ,0,270,46976
C00836916,AA,0,7,688
C00836916,AE,0,26,4081
C00836916,AK,0,697,77037
C00836916,AL,0,885,163715
C00836916,AP,0,18,5543
C00836916,AR,0,928,108690
C00836916,AZ,0,6272,947091
C00836916,CA,0,32148,6998003
C00836916,CO,0,6473,1073830
C00836916,CT,0,2565,435079
C00836916,DC,0,416,57696
C00836916,DE,0,337,73178
C00836916,FL,0,10222,2292103
C00836916,GA,0,3375,622511
C00836916,GU,0,21,2694
C00836916,HI,0,2159,300748
C00836916,IA,0,1274,125029
C00836916,ID,0,1331,150250
C00836916,IL,0,4345,577189
C00836916,IN,0,1824,216588
C00836916,KS,0,1060,140691
C00836916,KY,0,1160,158961
C00836916,LA,0,842,135592
C00836916,MA,0,6324,851138
C00836916,MD,0,2258,274438
C00836916,ME,0,1791,290567
C00836916,MI,0,4307,766779
C00836916,MN,0,2569,314477
C00836916,MO,0,1990,284081
C00836916,MS,0,361,51874
C00836916,MT,0,996,126653
C00836916,NC,0,5221,624103
C00836916,ND,0,181,15984
C00836916,NE,0,621,115313
C00836916,NH,0,1768,233932
C00836916,NJ,0,4837,837790
C00836916,NM,0,1839,214262
C00836916,NV,0,2096,17300838
C00836916,NY,0,10621,1965926
C00836916,OH,0,3522,589467
C00836916,OK,0,1026,208026
C00836916,OR,0,5328,641120
C00836916,PA,0,5412,732287
C00836916,PR,0,139,106830
C00836916,RI,0,862,143113
C00836916,SC,0,2196,386217
C00836916,SD,0,562,48593
C00836916,TN,0,2965,528690
C00836916,TX,0,10124,2251460
C00836916,UT,0,2107,441350
C00836916,VA,0,4417,585221
C00836916,VI,0,11,1126
C00836916,VT,0,1307,154652
C00836916,WA,0,8004,1162278
C00836916,WI,0,2359,308630
C00836916,WV,0,426,49776
C00836916,WY,0,380,134708
C00836916,ZZ,0,545,129982
C00837484,AK,0,71,4806
C00837484,AL,0,330,44755
C00837484,AR,0,114,35274
C00837484,AZ,0,651,114599
C00837484,CA,0,3054,572001
C00837484,CO,0,416,102707
C00837484,CT,0,179,90569
C00837484,DC,0,98,112503
C00837484,DE,0,82,14648
C00837484,FL,0,2883,1516239
C00837484,GA,0,632,138767
C00837484,HI,0,80,9046
C00837484,IA,0,94,26477
C00837484,ID,0,180,12946
C00837484,IL,0,875,163671
C00837484,IN,0,485,61090
C00837484,KS,0,266,61610
C00837484,KY,0,162,79928
C00837484,LA,0,207,47968
C00837484,MA,0,385,255553
C00837484,MD,0,585,76064
C00837484,ME,0,23,5598
C00837484,MI,0,476,105280
C00837484,MN,0,266,114009
C00837484,MO,0,306,57720
C00837484,MS,0,64,13774
C00837484,MT,0,40,12172
C00837484,NC,0,802,101085
C00837484,ND,0,30,9540
C00837484,NE,0,69,11029
C00837484,NH,0,109,23690
C00837484,NJ,0,646,163312
C00837484,NM,0,138,30343
C00837484,NV,0,260,77071
C00837484,NY,0,1090,392928
C00837484,OH,1,11672,5163762
C00837484,OK,0,140,57783
C00837484,OR,0,211,21963
C00837484,PA,0,700,105068
C00837484,PR,0,3,7600
C00837484,RI,0,36,7625
C00837484,SC,0,383,49638
C00837484,SD,0,17,4781
C00837484,TN,0,400,95410
C00837484,TX,0,2567,715298
C00837484,UT,0,214,34250
C00837484,VA,0,1055,258670
C00837484,VI,0,1,1000
C00837484,VT,0,26,6178
C00837484,WA,0,300,63701
C00837484,WI,0,318,28703
C00837484,WV,0,68,18617
C00837484,WY,0,174,51665
C00837518,AL,0,6,1575000
C00837518,AZ,0,1,50000
C00837518,CA,0,15,2106454
C00837518,CO,0,6,1674114
C00837518,CT,0,1,200000
C00837518,DC,0,1,50000
C00837518,FL,0,20,1665000
C00837518,GA,0,3,675000
C00837518,IL,0,25,5308900
C00837518,IN,0,1,100000
C00837518,KS,0,3,980000
C00837518,KY,0,2,792600
C00837518,MA,0,6,1413100
C00837518,MD,0,1,200000
C00837518,MI,0,11,1100000
C00837518,MN,0,2,125000
C00837518,MO,0,3,530000
C00837518,NC,0,2,60000
C00837518,ND,0,2,100000
C00837518,NE,0,3,1055400
C00837518,NV,0,14,2323900
C00837518,NY,0,12,1525000
C00837518,OH,0,11,1140000
C00837518,OK,0,3,400000
C00837518,PA,0,5,1669900
C00837518,SC,0,3,250000
C00837518,TN,0,12,1393000
C00837518,TX,0,32,4059500
C00837518,UT,0,4,115000
C00837518,VA,0,2,100000
C00837518,WA,0,1,41000
C00837518,WI,0,3,342200
C00837518,WY,0,4,1195400
C00838912,AK,0,1,1000
C00838912,AL,0,2,35000
C00838912,AR,0,3,416300
C00838912,AZ,0,6,214050
C00838912,CA,0,380,13553148
C00838912,CO,0,9,207750
C00838912,CT,0,159,4278640
C00838912,DC,0,201,458086
C00838912,DE,0,2,2000
C00838912,FL,0,60,4149075
C00838912,GA,0,17,92600
C00838912,HI,0,1,2000
C00838912,ID,0,1,1000
C00838912,IL,0,116,4349438
C00838912,IN,0,4,11500
C00838912,KY,0,3,152500
C00838912,MA,0,279,5370794
C00838912,MD,0,100,733232
C00838912,ME,0,6,12100
C00838912,MI,0,21,161486
C00838912,MN,0,6,118000
C00838912,MO,0,2,10750
C00838912,MT,0,1,3300
C00838912,NC,0,8,50200
C00838912,NH,0,5,113000
C00838912,NJ,0,46,1288212
C00838912,NM,0,2,7600
C00838912,NV,0,3,310975
C00838912,NY,0,474,19739099
C00838912,OK,0,1,3600
C00838912,OR,0,2,2000
C00838912,PA,0,16,548600
C00838912,RI,0,1,10000
C00838912,SC,0,1,1000
C00838912,TN,0,33,496400
C00838912,TX,0,59,814750
C00838912,UT,0,2,3500
C00838912,VA,0,79,326950
C00838912,VT,0,1,1000
C00838912,WA,0,7,55112
C00838912,ZZ,0,1,30000
C00839597,AA,0,2,275
C00839597,AE,0,40,3957
C00839597,AK,0,831,38677
C00839597,AL,0,1650,95219
C00839597,AP,0,11,3050
C00839597,AR,0,1530,88053
C00839597,AZ,0,7951,424644
C00839597,CA,0,72374,6389607
C00839597,CO,0,8865,703389
C00839597,CT,0,5680,544263
C00839597,DC,0,3635,654563
C00839597,DE,0,1438,91784
C00839597,FL,0,18377,1268360
C00839597,GA,0,5375,358313
C00839597,GU,0,7,475
C00839597,HI,0,2473,144476
C00839597,IA,0,1622,77716
C00839597,ID,0,1217,85184
C00839597,IL,0,11481,1019403
C00839597,IN,0,3545,174448
C00839597,KS,0,1899,99318
C00839597,KY,0,2083,129526
C00839597,LA,0,2125,167569
C00839597,MA,0,13995,1868901
C00839597,MD,0,10347,978797
C00839597,ME,0,2014,154835
C00839597,MI,0,7252,394452
C00839597,MN,0,4496,338770
C00839597,MO,0,4106,246228
C00839597,MP,0,1,250
C00839597,MS,0,664,34128
C00839597,MT,0,874,52362
C00839597,NC,0,7954,438177
C00839597,ND,0,97,10171
C00839597,NE,0,661,42976
C00839597,NH,0,1894,144967
C00839597,NJ,0,9507,607445
C00839597,NM,0,5255,353496
C00839597,NV,0,2314,182605
C00839597,NY,0,27251,2923323
C00839597,OH,0,5965,348700
C00839597,OK,0,3262,142370
C00839597,OR,0,7943,542722
C00839597,PA,0,10090,729372
C00839597,PR,0,43,3372
C00839597,RI,0,1207,115791
C00839597,SC,0,2626,153651
C00839597,SD,0,571,22559
C00839597,TN,0,3467,273314
C00839597,TX,1,203367,17613729
C00839597,UT,0,1881,127225
C00839597,VA,0,11397,834375
C00839597,VI,0,20,3165
C00839597,VT,0,1436,112734
C00839597,WA,0,16968,1292384
C00839597,WI,0,3961,198268
C00839597,WV,0,700,43088
C00839597,WY,0,450,59110
C00839597,ZZ,0,506,63853
C00840017,AE,0,20,395
C00840017,AK,0,58,11362
C00840017,AL,0,98,24362
C00840017,AR,0,119,9234
C00840017,AZ,0,491,65542
C00840017,CA,0,7840,1767751
C00840017,CO,0,769,225496
C00840017,CT,0,481,91081
C00840017,DC,0,2818,1156968
C00840017,DE,0,165,32593
C00840017,FL,0,1472,341779
C00840017,GA,0,736,154103
C00840017,HI,0,280,21818
C00840017,IA,0,136,17375
C00840017,ID,0,46,8348
C00840017,IL,0,1241,303889
C00840017,IN,0,339,30899
C00840017,KS,0,90,9116
C00840017,KY,0,112,17080
C00840017,LA,0,92,25550
C00840017,MA,0,2069,517037
C00840017,MD,1,41827,7461831
C00840017,ME,0,200,26290
C00840017,MI,0,493,57084
C00840017,MN,0,396,45588
C00840017,MO,0,248,54517
C00840017,MS,0,23,3824
C00840017,MT,0,38,10898
C00840017,NC,0,867,93781
C00840017,ND,0,5,690
C00840017,NE,0,49,6399
C00840017,NH,0,201,37702
C00840017,NJ,0,1041,183812
C00840017,NM,0,307,42352
C00840017,NV,0,172,26389
C00840017,NY,0,3534,911534
C00840017,OH,0,493,60342
C00840017,OK,0,186,20044
C00840017,OR,0,605,96135
C00840017,PA,0,1238,214745
C00840017,PR,0,3,30
C00840017,RI,0,155,16007
C00840017,SC,0,235,24468
C00840017,SD,0,98,6061
C00840017,TN,0,303,37685
C00840017,TX,0,1442,261920
C00840017,UT,0,90,12918
C00840017,VA,0,1996,549148
C00840017,VI,0,10,2825
C00840017,VT,0,173,24478
C00840017,WA,0,1581,281085
C00840017,WI,0,299,34745
C00840017,WV,0,121,21484
C00840017,WY,0,18,10550
C00840017,ZZ,0,70,12567
C00841130,AE,0,24,3181
C00841130,AK,0,317,30861
C00841130,AL,0,904,191342
C00841130,AP,0,6,471
C00841130,AR,0,424,37141
C00841130,AZ,0,1797,465532
C00841130,CA,0,5869,2764508
C00841130,CO,0,1411,343816
C00841130,CT,0,549,247354
C00841130,DC,0,145,159074
C00841130,DE,0,151,18540
C00841130,FL,0,19814,9964362
C00841130,GA,0,2395,429322
C00841130,HI,0,139,10706
C00841130,IA,0,777,84750
C00841130,ID,0,530,58999
C00841130,IL,0,1422,493174
C00841130,IN,0,1158,325032
C00841130,KS,0,540,206413
C00841130,KY,0,665,108858
C00841130,LA,0,579,100100
C00841130,MA,0,811,333740
C00841130,MD,0,858,193679
C00841130,ME,0,206,20722
C00841130,MI,0,1202,273593
C00841130,MN,0,755,94067
C00841130,MO,0,1016,115287
C00841130,MP,0,1,520
C00841130,MS,0,476,87977
C00841130,MT,0,232,56164
C00841130,NC,0,1922,305046
C00841130,ND,0,165,5532
C00841130,NE,0,299,48927
C00841130,NH,0,318,51818
C00841130,NJ,0,980,551084
C00841130,NM,0,316,31432
C00841130,NV,0,807,219361
C00841130,NY,0,1919,1433755
C00841130,OH,0,1539,225802
C00841130,OK,0,725,178135
C00841130,OR,0,842,65327
C00841130,PA,0,1991,694049
C00841130,PR,0,33,59358
C00841130,RI,0,85,15165
C00841130,SC,0,1591,234554
C00841130,SD,0,104,31611
C00841130,TN,0,1597,668337
C00841130,TX,0,5870,2646170
C00841130,UT,0,746,285040
C00841130,VA,0,2203,566391
C00841130,VT,0,94,10806
C00841130,WA,0,1404,265018
C00841130,WI,0,815,257971
C00841130,WV,0,191,24323
C00841130,WY,0,132,76892
C00844159,AK,0,378,13510
C00844159,AL,0,1135,112510
C00844159,AP,0,2,1015
C00844159,AR,0,593,78862
C00844159,AZ,0,2694,422031
C00844159,CA,0,8825,1367920
C00844159,CO,0,1693,358305
C00844159,CT,0,442,164752
C00844159,DC,0,167,136324
C00844159,DE,0,180,21939
C00844159,FL,0,7303,1307180
C00844159,GA,0,2216,254697
C00844159,GU,0,4,410
C00844159,HI,0,280,20050
C00844159,IA,0,252,36532
C00844159,ID,0,1203,102897
C00844159,IL,0,2461,265775
C00844159,IN,0,1432,100835
C00844159,KS,0,780,130221
C00844159,KY,0,536,52985
C00844159,LA,0,808,77522
C00844159,MA,0,769,156485
C00844159,MD,0,1618,168172
C00844159,ME,0,127,10372
C00844159,MI,0,1272,156873
C00844159,MN,0,1187,294764
C00844159,MO,0,1179,202186
C00844159,MS,0,322,45834
C00844159,MT,1,9832,3633069
C00844159,NC,0,2469,311863
C00844159,ND,0,293,41482
C00844159,NE,0,337,22703
C00844159,NH,0,272,31560
C00844159,NJ,0,1398,140276
C00844159,NM,0,432,77897
C00844159,NV,0,1055,204096
C00844159,NY,0,2621,713634
C00844159,OH,0,1965,212344
C00844159,OK,0,750,213282
C00844159,OR,0,1325,103147
C00844159,PA,0,1735,191122
C00844159,PR,0,25,21951
C00844159,RI,0,37,11216
C00844159,SC,0,1564,148250
C00844159,SD,0,294,23288
C00844159,TN,0,1569,269372
C00844159,TX,0,8226,1164323
C00844159,UT,0,672,104786
C00844159,VA,0,2495,497229
C00844159,VI,0,12,2218
C00844159,VT,0,56,13367
C00844159,WA,0,1852,272524
C00844159,WI,0,1312,103663
C00844159,WV,0,110,9374
C00844159,WY,0,713,158295
C00848648,AA,0,1,250
C00848648,AE,0,36,587
C00848648,AK,0,285,12321
C00848648,AL,0,412,30860
C00848648,AP,0,2,350
C00848648,AR,0,331,11951
C00848648,AZ,0,1279,93113
C00848648,CA,0,19778,2636103
C00848648,CO,0,1717,223546
C00848648,CT,0,2066,234875
C00848648,DC,0,1025,279167
C00848648,DE,0,477,33473
C00848648,FL,1,76094,6940934
C00848648,GA,0,1760,136604
C00848648,HI,0,988,70142
C00848648,IA,0,331,23890
C00848648,ID,0,197,26121
C00848648,IL,0,3911,522715
C00848648,IN,0,1173,80315
C00848648,KS,0,533,25514
C00848648,KY,0,705,56708
C00848648,LA,0,548,58224
C00848648,MA,0,4656,997921
C00848648,MD,0,3251,440121
C00848648,ME,0,660,65640
C00848648,MI,0,1941,170935
C00848648,MN,0,1017,131408
C00848648,MO,0,1286,111296
C00848648,MS,0,127,15835
C00848648,MT,0,137,14323
C00848648,NC,0,2625,153400
C00848648,ND,0,51,5260
C00848648,NE,0,250,13266
C00848648,NH,0,654,83120
C00848648,NJ,0,3285,248790
C00848648,NM,0,1164,91166
C00848648,NV,0,863,75352
C00848648,NY,0,8621,1408196
C00848648,OH,0,2086,158511
C00848648,OK,0,569,29729
C00848648,OR,0,1883,176955
C00848648,PA,0,3678,277095
C00848648,PR,0,56,2711
C00848648,RI,0,489,44522
C00848648,SC,0,833,56287
C00848648,SD,0,236,5426
C00848648,TN,0,991,96323
C00848648,TX,0,4113,407857
C00848648,UT,0,499,36213
C00848648,VA,0,3096,351938
C00848648,VI,0,27,2565
C00848648,VT,0,481,48610
C00848648,WA,0,4172,507847
C00848648,WI,0,1117,79991
C00848648,WV,0,124,12047
C00848648,WY,0,109,27587
C00848648,ZZ,0,244,23961
C00849778,AL,0,9,181100
C00849778,AR,0,1,16600
C00849778,AZ,0,3,39000
C00849778,CA,0,90,834850
C00849778,CO,0,11,109550
C00849778,CT,0,10,214800
C00849778,DC,0,11,17700
C00849778,FL,0,69,1413450
C00849778,GA,0,26,137876
C00849778,IL,0,5,17800
C00849778,KS,0,1,1500
C00849778,KY,0,3,135800
C00849778,LA,0,3,86300
C00849778,MD,0,8,14000
C00849778,MI,0,3,7600
C00849778,MN,0,1,1500
C00849778,MO,0,7,156300
C00849778,MT,0,2,16600
C00849778,NC,0,1,1000
C00849778,ND,0,1,2000
C00849778,NE,0,2,36600
C00849778,NJ,0,31,182350
C00849778,NM,0,1,500
C00849778,NV,0,13,425900
C00849778,NY,0,57,700663
C00849778,OH,0,8,167200
C00849778,OR,0,1,3300
C00849778,PA,0,9,95850
C00849778,SC,0,1,3300
C00849778,TN,0,8,89600
C00849778,TX,0,1522,13479552
C00849778,VA,0,35,167400
C00849778,WI,0,3,12100
C00849778,WV,0,1,400
C00849778,WY,0,1,11600
C00851980,AK,0,259,7914
C00851980,AL,0,1295,80153
C00851980,AR,0,528,69496
C00851980,AZ,0,2422,384748
C00851980,CA,0,8854,970007
C00851980,CO,0,1303,231283
C00851980,CT,0,677,264464
C00851980,DC,0,287,186858
C00851980,DE,0,325,38607
C00851980,FL,0,8338,1412205
C00851980,GA,0,3124,327444
C00851980,HI,0,146,10800
C00851980,IA,0,257,22762
C00851980,ID,0,606,42496
C00851980,IL,0,2603,207739
C00851980,IN,0,1561,184439
C00851980,KS,0,1025,61713
C00851980,KY,0,407,38377
C00851980,LA,0,1083,69686
C00851980,MA,0,1128,134078
C00851980,MD,0,2119,242279
C00851980,ME,0,136,5834
C00851980,MI,0,1536,147661
C00851980,MN,0,950,125408
C00851980,MO,0,1172,131389
C00851980,MS,0,351,24261
C00851980,MT,0,273,15077
C00851980,NC,0,2546,179433
C00851980,ND,0,154,11618
C00851980,NE,0,440,19980
C00851980,NH,0,683,31267
C00851980,NJ,0,2188,250976
C00851980,NM,0,381,44166
C00851980,NV,0,838,81122
C00851980,NY,0,3644,1322678
C00851980,OH,0,2078,181932
C00851980,OK,0,541,55443
C00851980,OR,0,811,61382
C00851980,PA,1,27994,4725107
C00851980,PR,0,38,22535
C00851980,RI,0,149,11065
C00851980,SC,0,1883,130827
C00851980,SD,0,179,5828
C00851980,TN,0,1763,239318
C00851980,TX,0,8961,1037702
C00851980,UT,0,803,83342
C00851980,VA,0,3179,544059
C00851980,VT,0,10,2235
C00851980,WA,0,1382,98473
C00851980,WI,0,1093,72284
C00851980,WV,0,313,17727
C00851980,WY,0,416,60193
C00851980,ZZ,0,4,8125
C00852343,AE,0,7,85
C00852343,AK,0,532,28093
C00852343,AL,0,1561,105006
C00852343,AP,0,1,52
C00852343,AR,0,972,77667
C00852343,AZ,1,31733,3416312
C00852343,CA,0,15543,1390369
C00852343,CO,0,2712,265055
C00852343,CT,0,1033,69029
C00852343,DC,0,63,13460
C00852343,DE,0,256,16342
C00852343,FL,0,9918,997211
C00852343,GA,0,2644,178818
C00852343,GU,0,23,304
C00852343,HI,0,733,31222
C00852343,IA,0,711,78539
C00852343,ID,0,1006,72546
C00852343,IL,0,4205,268602
C00852343,IN,0,1641,120151
C00852343,KS,0,1198,102524
C00852343,KY,0,736,52446
C00852343,LA,0,1368,101184
C00852343,MA,0,1513,123709
C00852343,MD,0,1798,131754
C00852343,ME,0,303,15571
C00852343,MI,0,2962,178167
C00852343,MN,0,1368,135331
C00852343,MO,0,2234,147238
C00852343,MS,0,535,44697
C00852343,MT,0,634,71605
C00852343,NC,0,2731,183991
C00852343,ND,0,248,23896
C00852343,NE,0,473,47985
C00852343,NH,0,524,30818
C00852343,NJ,0,2496,145901
C00852343,NM,0,698,60207
C00852343,NV,0,1836,195797
C00852343,NY,0,3661,275489
C00852343,OH,0,3363,277926
C00852343,OK,0,1091,97747
C00852343,OR,0,2204,123025
C00852343,PA,0,2980,223886
C00852343,PR,0,3,275
C00852343,RI,0,201,13953
C00852343,SC,0,1830,96441
C00852343,SD,0,400,23516
C00852343,TN,0,2035,137313
C00852343,TX,0,11954,1113455
C00852343,UT,0,1341,74873
C00852343,VA,0,3221,210968
C00852343,VI,0,2,4300
C00852343,VT,0,126,14370
C00852343,WA,0,3245,259668
C00852343,WI,0,1682,127501
C00852343,WV,0,309,20904
C00852343,WY,0,609,57558
C00852343,ZZ,0,23,3498
C00858373,AL,0,19,273566
C00858373,AR,0,24,902030
C00858373,AZ,0,5,86600
C00858373,CA,0,20,1481400
C00858373,CO,0,6,913700
C00858373,CT,0,24,896466
C00858373,DC,0,5,111000
C00858373,FL,0,119,9385029
C00858373,GA,0,23,510159
C00858373,IL,0,15,1741416
C00858373,IN,0,23,433533
C00858373,KS,0,2,100000
C00858373,KY,0,4,136400
C00858373,LA,0,11,340350
C00858373,MA,0,7,251930
C00858373,MD,0,6,322033
C00858373,MI,0,27,862300
C00858373,MN,0,2,2000
C00858373,MO,0,6,1094300
C00858373,MS,0,55,287179
C00858373,MT,0,1,89100
C00858373,NC,0,101,641106
C00858373,NE,0,1,300700
C00858373,NH,0,1,1033
C00858373,NJ,0,17,686814
C00858373,NV,0,8,834533
C00858373,NY,0,117,3336461
C00858373,OH,0,45,494197
C00858373,OK,0,1,1000
C00858373,OR,0,4,62500
C00858373,PA,0,39,512914
C00858373,SC,0,3,26682
C00858373,TN,0,28,1052666
C00858373,TX,0,253,8893139
C00858373,VA,0,14,248065
C00858373,WA,0,14,54615
C00858373,WI,0,3,112900
C00858373,WV,0,1,25000
C00858373,WY,0,3,178290
C00867010,AL,0,6,10300
C00867010,AR,0,2,8300
C00867010,AZ,0,37,198497
C00867010,CA,0,54,537270
C00867010,CO,0,13,139820
C00867010,CT,0,12,43902
C00867010,DC,0,35,35970
C00867010,DE,0,3,2500
C00867010,FL,0,151,894570
C00867010,GA,0,11,78528
C00867010,ID,0,5,33850
C00867010,IL,0,30,157309
C00867010,IN,0,16,106285
C00867010,KS,0,2,26000
C00867010,KY,0,18,86000
C00867010,LA,0,1,500
C00867010,MA,0,55,426643
C00867010,MD,0,8,31012
C00867010,ME,0,1,2000
C00867010,MI,0,16,446952
C00867010,MN,0,1,6600
C00867010,MO,0,20,85969
C00867010,MS,0,2,6000
C00867010,NC,0,10,53050
C00867010,ND,0,1,500
C00867010,NE,0,1,25000
C00867010,NH,0,1,500
C00867010,NJ,0,25,62702
C00867010,NV,0,11,179646
C00867010,NY,0,44,224037
C00867010,OH,0,3453,7593655
C00867010,OK,0,23,40318
C00867010,OR,0,1,5000
C00867010,PA,0,27,133529
C00867010,SC,0,7,37100
C00867010,TN,0,47,269353
C00867010,TX,0,81,553707
C00867010,UT,0,3,9869
C00867010,VA,0,48,81302
C00867010,WA,0,4,55467
C00867010,WV,0,2,5200
C00867010,WY,0,2,16499
C00867010,ZZ,0,3,11750
C00867937,AE,0,2,14132
C00867937,AK,0,3,1532
C00867937,AL,0,121,3114961
C00867937,AR,0,27,1414068
C00867937,AZ,0,170,4964544
C00867937,CA,0,1628,34725126
C00867937,CO,0,168,6260972
C00867937,CT,0,120,4135908
C00867937,DC,0,184,1358462
C00867937,DE,0,12,117165
C00867937,FL,0,1333,80785827
C00867937,GA,0,405,11776442
C00867937,GU,0,9,207500
C00867937,HI,0,5,135516
C00867937,IA,0,57,873123
C00867937,ID,0,32,387062
C00867937,IL,0,179,3691405
C00867937,IN,0,120,782880
C00867937,KS,0,121,1634239
C00867937,KY,0,158,2415667
C00867937,LA,0,240,3840695
C00867937,MA,0,91,4646126
C00867937,MD,0,132,1190142
C00867937,ME,0,2,4333
C00867937,MI,0,136,7551056
C00867937,MN,0,98,1924977
C00867937,MO,0,113,2064828
C00867937,MS,0,81,1776625
C00867937,MT,0,25,1740652
C00867937,NC,0,266,6269642
C00867937,ND,0,6,50953
C00867937,NE,0,87,5612318
C00867937,NH,0,14,836326
C00867937,NJ,0,241,4501860
C00867937,NM,0,24,732161
C00867937,NV,0,398,13687750
C00867937,NY,0,575,22190096
C00867937,OH,0,296,13239632
C00867937,OK,0,128,3497987
C00867937,OR,0,35,294812
C00867937,PA,0,528,3447054
C00867937,PR,0,12,1687670
C00867937,RI,0,3,20495
C00867937,SC,0,90,2442406
C00867937,SD,0,29,1286406
C00867937,TN,0,203,10153880
C00867937,TX,0,1323,58940224
C00867937,UT,0,144,1604919
C00867937,VA,0,451,5668020
C00867937,VI,0,2,325000
C00867937,VT,0,7,18277
C00867937,WA,0,45,1950750
C00867937,WI,0,94,2038695
C00867937,WV,0,26,78117
C00867937,WY,0,104,4235072
C00867937,ZZ,0,28,620020
C00869024,AK,0,1,3300
C00869024,AL,0,4,31700
C00869024,AR,0,3,13100
C00869024,AZ,0,20,209443
C00869024,CA,0,97,598000
C00869024,CO,0,24,176313
C00869024,CT,0,51,348951
C00869024,DC,0,131,278250
C00869024,DE,0,13,32750
C00869024,FL,0,222,2021369
C00869024,GA,0,29,93876
C00869024,HI,0,1,3300
C00869024,IA,0,3,7600
C00869024,ID,0,3,8600
C00869024,IL,0,54,360050
C00869024,IN,0,5,35600
C00869024,KS,0,6,3150
C00869024,KY,0,1,500
C00869024,LA,0,1,1000
C00869024,MA,0,80,309500
C00869024,MD,0,1655,4778820
C00869024,ME,0,1,1000
C00869024,MI,0,17,81400
C00869024,MN,0,11,48200
C00869024,MO,0,5,57000
C00869024,MS,0,1,1000
C00869024,NC,0,13,91800
C00869024,NH,0,7,8800
C00869024,NJ,0,71,192350
C00869024,NV,0,10,68100
C00869024,NY,0,125,1079818
C00869024,OH,0,8,42250
C00869024,OK,0,3,24900
C00869024,OR,0,3,4250
C00869024,PA,0,47,305500
C00869024,RI,0,1,3300
C00869024,SC,0,6,12650
C00869024,TN,0,74,346050
C00869024,TX,0,96,638517
C00869024,UT,0,6,26300
C00869024,VA,0,302,767709
C00869024,WA,0,7,153100
C00869024,WI,0,8,30450
C00869024,WV,0,2,2000
C00869024,WY,0,24,92860
C00873893,AA,0,15,2484
C00873893,AE,0,871,28499
C00873893,AK,0,17683,1025090
C00873893,AL,0,79402,4573291
C00873893,AP,0,317,21774
C00873893,AR,0,40340,2144633
C00873893,AS,0,15,2025
C00873893,AZ,0,162808,9602912
C00873893,CA,0,511688,31809157
C00873893,CO,0,91154,6407964
C00873893,CT,0,40726,2500628
C00873893,DC,0,2920,431098
C00873893,DE,0,13194,797798
C00873893,FL,0,458809,32707286
C00873893,GA,0,156014,9846584
C00873893,GU,0,395,20471
C00873893,HI,0,17072,1008111
C00873893,IA,0,27989,1744081
C00873893,ID,0,45266,2570166
C00873893,IL,0,125784,7346813
C00873893,IN,0,78505,4289907
C00873893,KS,0,40939,2362369
C00873893,KY,0,43568,2602373
C00873893,LA,0,66858,3896783
C00873893,MA,0,64499,4101065
C00873893,MD,0,70548,4042331
C00873893,ME,0,17267,836654
C00873893,MI,0,128097,7379113
C00873893,MN,0,63780,3803636
C00873893,MO,0,82731,4426727
C00873893,MP,0,210,5120
C00873893,MS,0,39455,2164711
C00873893,MT,0,23273,1495742
C00873893,NC,0,139589,8763262
C00873893,ND,0,9873,677502
C00873893,NE,0,24874,1557129
C00873893,NH,0,23845,1487066
C00873893,NJ,0,117084,7275486
C00873893,NM,0,31362,1916577
C00873893,NV,0,66209,4753314
C00873893,NY,0,189047,11502572
C00873893,OH,0,133429,7878495
C00873893,OK,0,61054,3512728
C00873893,OR,0,63185,3409783
C00873893,PA,0,151102,9123254
C00873893,PR,0,570,78987
C00873893,RI,0,9152,528849
C00873893,SC,0,93482,5356301
C00873893,SD,0,14273,996821
C00873893,TN,0,111599,7055357
C00873893,TX,0,498445,33109300
C00873893,UT,0,47298,2717309
C00873893,VA,0,129032,8700352
C00873893,VI,0,120,15966
C00873893,VT,0,4734,301127
C00873893,WA,0,110030,6797943
C00873893,WI,0,56358,4195870
C00873893,WV,0,20030,1000807
C00873893,WY,0,14687,985013
C00873893,ZZ,0,74,65329
